UID,title,subtitle,category,product_id
dc9b9f80-c3a0-52a4-8490-5cde7685b583dc9b9f80-c3a0-52a4-8490-5cde7685b583,Nike SuperRep Cycle 2 Next Nature,Indoor Cycling Shoes,cycling,6e9f521d-7ba7-4741-8e5c-7433e18b3547
dc9b9f80-c3a0-52a4-8490-5cde7685b583c7b99681-10be-523d-a218-780ada61af22,Nike SuperRep Cycle 2 Next Nature,Indoor Cycling Shoes,cycling,6e9f521d-7ba7-4741-8e5c-7433e18b3547
b48c6d67-c31d-57d6-a99a-75e697b896c9b48c6d67-c31d-57d6-a99a-75e697b896c9,Nike SuperRep Cycle 2 Next Nature,Women's Cycling Shoes,cycling,3ba0f9cb-7f09-4cc5-ba04-43ce22d39605
b48c6d67-c31d-57d6-a99a-75e697b896c92237c3ab-9108-5cf3-9074-25829c55dda3,Nike SuperRep Cycle 2 Next Nature,Women's Cycling Shoes,cycling,3ba0f9cb-7f09-4cc5-ba04-43ce22d39605
b48c6d67-c31d-57d6-a99a-75e697b896c9db588dcb-7ce3-5584-a038-20069691dc68,Nike SuperRep Cycle 2 Next Nature,Women's Cycling Shoes,cycling,3ba0f9cb-7f09-4cc5-ba04-43ce22d39605
b48c6d67-c31d-57d6-a99a-75e697b896c982156fab-51f4-51ca-b136-be5578e7ce64,Nike SuperRep Cycle 2 Next Nature,Women's Cycling Shoes,cycling,3ba0f9cb-7f09-4cc5-ba04-43ce22d39605
b48c6d67-c31d-57d6-a99a-75e697b896c9a39e554f-c501-5ca3-8688-7c4be1141ede,Nike SuperRep Cycle 2 Next Nature,Women's Cycling Shoes,cycling,3ba0f9cb-7f09-4cc5-ba04-43ce22d39605
b48c6d67-c31d-57d6-a99a-75e697b896c91979e057-085c-5287-95f8-1a7961c14677,Nike SuperRep Cycle 2 Next Nature,Women's Cycling Shoes,cycling,3ba0f9cb-7f09-4cc5-ba04-43ce22d39605
88b8df6f-f2ef-5f79-9148-01672fec36eb88b8df6f-f2ef-5f79-9148-01672fec36eb,"""Air Jordan 13 """"Wheat""""""",Men's Shoes,jordan,057ad9d1-fe52-43fc-8e42-3165b7c597f7
df6cefa7-649c-5ae2-a887-54ec459d43f1df6cefa7-649c-5ae2-a887-54ec459d43f1,Air Jordan 13 Retro,Big Kids' Shoes,jordan,cb59b0ce-1c41-4c63-8b4f-030b2ea0fd7a
d2a71d29-c76f-502c-a5cb-00427ba9a56ed2a71d29-c76f-502c-a5cb-00427ba9a56e,Jordan 13 Retro,Little Kids' Shoes,jordan,4d4823d7-9887-4a36-b260-bb026248c5a7
cb99a190-8320-57e5-8740-205024b05c87cb99a190-8320-57e5-8740-205024b05c87,Jordan 13 Retro,Infant/Toddler Shoes,jordan,98964f39-60f3-49fd-b3e3-dad67d13b589
0985e507-2bcf-50f2-bd1e-b33ffef0330d0985e507-2bcf-50f2-bd1e-b33ffef0330d,Air Jordan 11 Retro,Big Kids' Shoes,jordan,19ea2ddf-0b5c-435b-b974-fe7b35546995
65463358-abbe-591b-b13f-49f03653830e65463358-abbe-591b-b13f-49f03653830e,Air Jordan 11 Retro,Little Kids' Shoes,jordan,19051802-d694-4f52-8ad0-0dd20172c60f
0b49a073-fd67-5bd4-8043-ec8c8061cf9e0b49a073-fd67-5bd4-8043-ec8c8061cf9e,Air Jordan 11 Retro,Baby/Toddler Shoes,jordan,e1c848eb-a27e-448a-9a59-bd456247c5a6
c8cb601f-d7e6-500e-a85d-845858fe35e6c8cb601f-d7e6-500e-a85d-845858fe35e6,Jordan 11,Crib Bootie,jordan,2f6c3f0c-e7b7-4fec-a02b-8ecc7ed4c721
85c763db-6e5c-5940-842a-fd896d0554ac85c763db-6e5c-5940-842a-fd896d0554ac,"""Air Jordan 3 """"Off Noir""""""",Women's Shoes,jordan,58cbcecb-5c3f-4dee-9520-d98df0abf0af
f00fe7db-7aa1-5bf4-b81d-778e2bc41635f00fe7db-7aa1-5bf4-b81d-778e2bc41635,"""Air Jordan 4 Craft """"Olive""""""",Men's Shoes,jordan,631ebe51-8741-45e0-8d1b-f3fc57e25928
a87b5378-0f82-583b-8033-787d3ce2482fa87b5378-0f82-583b-8033-787d3ce2482f,Air Jordan 4 Retro SE Craft,Big Kids' Shoes,jordan,73771412-6760-4078-ad48-463be1350ff6
b5a5fa00-0b71-5d63-a2cd-ed132f947d98b5a5fa00-0b71-5d63-a2cd-ed132f947d98,Jordan 4 Retro SE Craft,Little Kids' Shoes,jordan,09b58b80-0300-43a0-b183-56359d2f2848
a01e3e21-6647-5428-a0fa-ccc33ae258baa01e3e21-6647-5428-a0fa-ccc33ae258ba,Jordan 4 Retro SE Craft,Baby/Toddler Shoes,jordan,777cb61f-51d1-4aff-ac58-9bd5c808795e
d222955c-2b88-5099-8975-cfe7bfc54c3dd222955c-2b88-5099-8975-cfe7bfc54c3d,Air Jordan 1 Mid SE,Men's Shoes,jordan,dde40457-86a1-4480-9526-33b4055507b6
d222955c-2b88-5099-8975-cfe7bfc54c3d4b177085-167a-5c57-955c-87009d52a023,Air Jordan 1 Mid SE,Men's Shoes,jordan,dde40457-86a1-4480-9526-33b4055507b6
5a2e67f0-39d2-595c-8e52-a2835ed2a7d85a2e67f0-39d2-595c-8e52-a2835ed2a7d8,Nike Pegasus 40,Men's Road Running Shoes,running,7ad5a932-62a8-4a25-82c6-53fa4bcceb43
5a2e67f0-39d2-595c-8e52-a2835ed2a7d8908c2708-83c8-5a31-8fe9-280a70e77361,Nike Pegasus 40,Men's Road Running Shoes,running,7ad5a932-62a8-4a25-82c6-53fa4bcceb43
5a2e67f0-39d2-595c-8e52-a2835ed2a7d8cceea252-b8ef-5ec1-829a-8fa2398ec1eb,Nike Pegasus 40,Men's Road Running Shoes,running,7ad5a932-62a8-4a25-82c6-53fa4bcceb43
5a2e67f0-39d2-595c-8e52-a2835ed2a7d83b07ef9b-625b-52c0-8188-813c9504487e,Nike Pegasus 40,Men's Road Running Shoes,running,7ad5a932-62a8-4a25-82c6-53fa4bcceb43
5a2e67f0-39d2-595c-8e52-a2835ed2a7d8dc1ebb1b-60c3-547e-a508-a08863d80518,Nike Pegasus 40,Men's Road Running Shoes,running,7ad5a932-62a8-4a25-82c6-53fa4bcceb43
5a2e67f0-39d2-595c-8e52-a2835ed2a7d85ce50274-a5ac-5158-b137-f9c31ee7d2ad,Nike Pegasus 40,Men's Road Running Shoes,running,7ad5a932-62a8-4a25-82c6-53fa4bcceb43
5a2e67f0-39d2-595c-8e52-a2835ed2a7d898bb0f11-8119-53dd-bf9c-218b17101cec,Nike Pegasus 40,Men's Road Running Shoes,running,7ad5a932-62a8-4a25-82c6-53fa4bcceb43
5a2e67f0-39d2-595c-8e52-a2835ed2a7d8ce05c5ee-bc8c-5bc3-b356-f6ecf8394248,Nike Pegasus 40,Men's Road Running Shoes,running,7ad5a932-62a8-4a25-82c6-53fa4bcceb43
5a2e67f0-39d2-595c-8e52-a2835ed2a7d83aff3c92-e9cc-5f48-a16a-db3f8659620b,Nike Pegasus 40,Men's Road Running Shoes,running,7ad5a932-62a8-4a25-82c6-53fa4bcceb43
5a2e67f0-39d2-595c-8e52-a2835ed2a7d8ec28463c-e2b6-5841-9e40-77a7961acafc,Nike Pegasus 40,Men's Road Running Shoes,running,7ad5a932-62a8-4a25-82c6-53fa4bcceb43
5a2e67f0-39d2-595c-8e52-a2835ed2a7d8b9a3a0ce-65cb-5121-8a0d-5b4dc2ebf8ad,Nike Pegasus 40,Men's Road Running Shoes,running,7ad5a932-62a8-4a25-82c6-53fa4bcceb43
5a2e67f0-39d2-595c-8e52-a2835ed2a7d8cfa8277f-561b-5c05-bb23-572c66dbfc8a,Nike Pegasus 40,Men's Road Running Shoes,running,7ad5a932-62a8-4a25-82c6-53fa4bcceb43
5a2e67f0-39d2-595c-8e52-a2835ed2a7d843df8964-3573-573f-bb5f-60216edd65a3,Nike Pegasus 40,Men's Road Running Shoes,running,7ad5a932-62a8-4a25-82c6-53fa4bcceb43
5a2e67f0-39d2-595c-8e52-a2835ed2a7d83461920e-3e3e-50c9-8f27-1e541bac5881,Nike Pegasus 40,Men's Road Running Shoes,running,7ad5a932-62a8-4a25-82c6-53fa4bcceb43
5a2e67f0-39d2-595c-8e52-a2835ed2a7d85c145d08-b96a-5f92-bf12-96cd0592b530,Nike Pegasus 40,Men's Road Running Shoes,running,7ad5a932-62a8-4a25-82c6-53fa4bcceb43
5a2e67f0-39d2-595c-8e52-a2835ed2a7d88a825151-cd2d-5785-bac9-96744521f35d,Nike Pegasus 40,Men's Road Running Shoes,running,7ad5a932-62a8-4a25-82c6-53fa4bcceb43
5a2e67f0-39d2-595c-8e52-a2835ed2a7d80a8e734a-a4a2-5208-bc0a-732bc2df6313,Nike Pegasus 40,Men's Road Running Shoes,running,7ad5a932-62a8-4a25-82c6-53fa4bcceb43
5a2e67f0-39d2-595c-8e52-a2835ed2a7d85a42040d-48c1-52a0-95e4-6fff7013851f,Nike Pegasus 40,Men's Road Running Shoes,running,7ad5a932-62a8-4a25-82c6-53fa4bcceb43
5a2e67f0-39d2-595c-8e52-a2835ed2a7d8a5ec2d7c-85dd-546e-940b-380183386488,Nike Pegasus 40,Men's Road Running Shoes,running,7ad5a932-62a8-4a25-82c6-53fa4bcceb43
5a2e67f0-39d2-595c-8e52-a2835ed2a7d88c48735a-c504-57b0-bede-44dfcece99e7,Nike Pegasus 40,Men's Road Running Shoes,running,7ad5a932-62a8-4a25-82c6-53fa4bcceb43
5a2e67f0-39d2-595c-8e52-a2835ed2a7d8a5af0d29-a87e-52d8-8fe3-7544d2e0962e,Nike Pegasus 40,Men's Road Running Shoes,running,7ad5a932-62a8-4a25-82c6-53fa4bcceb43
5a2e67f0-39d2-595c-8e52-a2835ed2a7d8ebfeef86-3dec-53d9-945b-3c15b5398c2a,Nike Pegasus 40,Men's Road Running Shoes,running,7ad5a932-62a8-4a25-82c6-53fa4bcceb43
5a2e67f0-39d2-595c-8e52-a2835ed2a7d87e25bbe3-7ae6-5570-85e1-5ddd3672a0dc,Nike Pegasus 40,Men's Road Running Shoes,running,7ad5a932-62a8-4a25-82c6-53fa4bcceb43
0d27552b-a8e7-5c53-8998-8103775579c80d27552b-a8e7-5c53-8998-8103775579c8,Nike InfinityRN 4,Women's Road Running Shoes,running,d69eeee2-e7e8-4923-8c1b-4d725e226826
0d27552b-a8e7-5c53-8998-8103775579c8bc19cc33-507d-536a-8e55-641d46eadbee,Nike InfinityRN 4,Women's Road Running Shoes,running,d69eeee2-e7e8-4923-8c1b-4d725e226826
0d27552b-a8e7-5c53-8998-8103775579c89525ad84-2fb8-56fa-bab9-567a378d7f7c,Nike InfinityRN 4,Women's Road Running Shoes,running,d69eeee2-e7e8-4923-8c1b-4d725e226826
0d27552b-a8e7-5c53-8998-8103775579c8c201c60e-cb8a-5eba-a210-a38ad0cfd561,Nike InfinityRN 4,Women's Road Running Shoes,running,d69eeee2-e7e8-4923-8c1b-4d725e226826
0d27552b-a8e7-5c53-8998-8103775579c8348fea0b-e7b2-5297-aaf3-0f4fdad14332,Nike InfinityRN 4,Women's Road Running Shoes,running,d69eeee2-e7e8-4923-8c1b-4d725e226826
0d27552b-a8e7-5c53-8998-8103775579c838b233fd-94d1-57a2-84b8-d5450d3f24ae,Nike InfinityRN 4,Women's Road Running Shoes,running,d69eeee2-e7e8-4923-8c1b-4d725e226826
0d27552b-a8e7-5c53-8998-8103775579c89d1c89d8-75c6-5b2a-816e-f11dedb6e43c,Nike InfinityRN 4,Women's Road Running Shoes,running,d69eeee2-e7e8-4923-8c1b-4d725e226826
0d27552b-a8e7-5c53-8998-8103775579c8ae494104-c81a-50f6-ac9b-32bb485f4e8e,Nike InfinityRN 4,Women's Road Running Shoes,running,d69eeee2-e7e8-4923-8c1b-4d725e226826
0d27552b-a8e7-5c53-8998-8103775579c83156e681-ec4d-50dd-b5ec-58d6ef0f9805,Nike InfinityRN 4,Women's Road Running Shoes,running,d69eeee2-e7e8-4923-8c1b-4d725e226826
0d27552b-a8e7-5c53-8998-8103775579c8e1f21bed-d00d-5494-ba29-528897ad1409,Nike InfinityRN 4,Women's Road Running Shoes,running,d69eeee2-e7e8-4923-8c1b-4d725e226826
0d27552b-a8e7-5c53-8998-8103775579c8f041ebbe-c533-5c63-9055-92ef9eb4d686,Nike InfinityRN 4,Women's Road Running Shoes,running,d69eeee2-e7e8-4923-8c1b-4d725e226826
0d27552b-a8e7-5c53-8998-8103775579c8df2456a4-2c31-5ef8-9b01-952b852818ba,Nike InfinityRN 4,Women's Road Running Shoes,running,d69eeee2-e7e8-4923-8c1b-4d725e226826
0d27552b-a8e7-5c53-8998-8103775579c898488f65-bb6c-5c5e-af8c-73fead999871,Nike InfinityRN 4,Women's Road Running Shoes,running,d69eeee2-e7e8-4923-8c1b-4d725e226826
0d27552b-a8e7-5c53-8998-8103775579c83ae882d8-a6b9-5dde-aca1-85be7f93e08c,Nike InfinityRN 4,Women's Road Running Shoes,running,d69eeee2-e7e8-4923-8c1b-4d725e226826
515a7027-7c8f-5d12-a1c7-bca9759e83dc515a7027-7c8f-5d12-a1c7-bca9759e83dc,Nike Air Zoom Pegasus 40,Big Kids' Road Running Shoes,running,d573341c-0ce7-44e5-9a15-a10a935b1f08
515a7027-7c8f-5d12-a1c7-bca9759e83dc71661aca-f072-56e0-a809-ebf4008d9d1d,Nike Air Zoom Pegasus 40,Big Kids' Road Running Shoes,running,d573341c-0ce7-44e5-9a15-a10a935b1f08
515a7027-7c8f-5d12-a1c7-bca9759e83dc7e8712e5-c1ee-5d4a-a879-446afe7a9129,Nike Air Zoom Pegasus 40,Big Kids' Road Running Shoes,running,d573341c-0ce7-44e5-9a15-a10a935b1f08
515a7027-7c8f-5d12-a1c7-bca9759e83dced032358-ec88-50cd-81e7-4be078ab5b88,Nike Air Zoom Pegasus 40,Big Kids' Road Running Shoes,running,d573341c-0ce7-44e5-9a15-a10a935b1f08
515a7027-7c8f-5d12-a1c7-bca9759e83dcb899a39a-5da7-5f3a-8fbe-b852091847bd,Nike Air Zoom Pegasus 40,Big Kids' Road Running Shoes,running,d573341c-0ce7-44e5-9a15-a10a935b1f08
515a7027-7c8f-5d12-a1c7-bca9759e83dc8938757d-db8e-5cde-8ddd-4de277e33bde,Nike Air Zoom Pegasus 40,Big Kids' Road Running Shoes,running,d573341c-0ce7-44e5-9a15-a10a935b1f08
b8d9308e-88de-5708-9425-24b2218d5317b8d9308e-88de-5708-9425-24b2218d5317,Air Jordan 1 High G NRG,Men's Golf Shoes,golf,2fc32bc2-75d6-4a27-996c-dc8b2db72cc2
66fcb439-40d9-5c7b-ab6f-44841e20c12766fcb439-40d9-5c7b-ab6f-44841e20c127,Air Jordan 1 Low G NRG,Men's Golf Shoes,golf,f48d46bf-800c-45f6-914a-98784d99454d
3bdcdaaf-941d-5457-9336-71d1210c99b13bdcdaaf-941d-5457-9336-71d1210c99b1,Jordan Retro 6 G NRG,Men's Golf Shoes,golf,84d5f10d-4905-4b27-91b9-b3487d086e53
7bb99b96-75f9-5034-a22a-71ba14ae77d27bb99b96-75f9-5034-a22a-71ba14ae77d2,Nike Air Zoom Infinity Tour NEXT% Shield,Men's Weatherized Golf Shoes,golf,840898d1-02af-46ad-980e-9482cd55d6e5
a5079e06-b9b9-5811-a6f9-478d53619a5da5079e06-b9b9-5811-a6f9-478d53619a5d,Air Jordan 1 Low G,Golf Shoes,golf,8dc7c210-c127-46e6-b0f2-e389dd7b3616
a5079e06-b9b9-5811-a6f9-478d53619a5d5419dec2-10c6-53ea-9141-26e607e68164,Air Jordan 1 Low G,Golf Shoes,golf,8dc7c210-c127-46e6-b0f2-e389dd7b3616
a5079e06-b9b9-5811-a6f9-478d53619a5d1a5d9064-0bfb-50b0-906b-d2ab85e18fd4,Air Jordan 1 Low G,Golf Shoes,golf,8dc7c210-c127-46e6-b0f2-e389dd7b3616
a5079e06-b9b9-5811-a6f9-478d53619a5d74e8b3ae-f50b-57f9-8bea-cea44f710a90,Air Jordan 1 Low G,Golf Shoes,golf,8dc7c210-c127-46e6-b0f2-e389dd7b3616
a5079e06-b9b9-5811-a6f9-478d53619a5dacafd216-6a3e-590e-b105-0359ad159ab4,Air Jordan 1 Low G,Golf Shoes,golf,8dc7c210-c127-46e6-b0f2-e389dd7b3616
50119239-d34e-503d-be0b-caad7d08b86850119239-d34e-503d-be0b-caad7d08b868,Jordan Retro 6 G,Men's Golf Shoes,golf,b302368c-ccd1-4545-bbda-2cd4c9eea42e
50119239-d34e-503d-be0b-caad7d08b86819069907-7109-5d04-a28d-64566c90e1d2,Jordan Retro 6 G,Men's Golf Shoes,golf,b302368c-ccd1-4545-bbda-2cd4c9eea42e
50119239-d34e-503d-be0b-caad7d08b8685d8917ef-f1f7-59b9-9d2f-e85aa43a3298,Jordan Retro 6 G,Men's Golf Shoes,golf,b302368c-ccd1-4545-bbda-2cd4c9eea42e
9aba8d3c-8ca1-56e9-8e67-e0bcb7fd44149aba8d3c-8ca1-56e9-8e67-e0bcb7fd4414,Nike Air Max 1 '86 OG G,Men's Golf Shoes,golf,da975c2e-a4fa-4844-b2e6-49cc873bda6b
9aba8d3c-8ca1-56e9-8e67-e0bcb7fd4414bdb56428-7201-585b-aa8b-5b344e9096d7,Nike Air Max 1 '86 OG G,Men's Golf Shoes,golf,da975c2e-a4fa-4844-b2e6-49cc873bda6b
9aba8d3c-8ca1-56e9-8e67-e0bcb7fd4414cd559baa-3615-5af4-b079-8f6c7d0844ac,Nike Air Max 1 '86 OG G,Men's Golf Shoes,golf,da975c2e-a4fa-4844-b2e6-49cc873bda6b
9aba8d3c-8ca1-56e9-8e67-e0bcb7fd4414dd35c935-6f3d-5f79-9c4b-c53f0d9fd333,Nike Air Max 1 '86 OG G,Men's Golf Shoes,golf,da975c2e-a4fa-4844-b2e6-49cc873bda6b
fc8c4a31-e699-5ace-a5bb-50d08ded4442fc8c4a31-e699-5ace-a5bb-50d08ded4442,Roshe G Next Nature,Men's Golf Shoes,golf,6073981c-104e-449c-a4b4-2a55a342dff6
fc8c4a31-e699-5ace-a5bb-50d08ded4442df9fd56a-8e74-5f2b-94a1-6968f8a92b34,Roshe G Next Nature,Men's Golf Shoes,golf,6073981c-104e-449c-a4b4-2a55a342dff6
fc8c4a31-e699-5ace-a5bb-50d08ded4442754e2337-9845-5d9a-8d18-caa3c9c7c2d0,Roshe G Next Nature,Men's Golf Shoes,golf,6073981c-104e-449c-a4b4-2a55a342dff6
fc8c4a31-e699-5ace-a5bb-50d08ded4442a5095f1b-a3a7-5ba6-919b-c81deba2ea7c,Roshe G Next Nature,Men's Golf Shoes,golf,6073981c-104e-449c-a4b4-2a55a342dff6
fc8c4a31-e699-5ace-a5bb-50d08ded44423b75d898-44d7-523f-98e1-483eb79cbf3d,Roshe G Next Nature,Men's Golf Shoes,golf,6073981c-104e-449c-a4b4-2a55a342dff6
fc8c4a31-e699-5ace-a5bb-50d08ded444218f5d8c6-7109-5938-b8fa-84492cd18c52,Roshe G Next Nature,Men's Golf Shoes,golf,6073981c-104e-449c-a4b4-2a55a342dff6
fc8c4a31-e699-5ace-a5bb-50d08ded444266684f8a-4e59-5dad-9eb3-37f14ab7b58f,Roshe G Next Nature,Men's Golf Shoes,golf,6073981c-104e-449c-a4b4-2a55a342dff6
fc8c4a31-e699-5ace-a5bb-50d08ded4442b1054de1-a9a0-5d1d-8a4e-560dbb33a84f,Roshe G Next Nature,Men's Golf Shoes,golf,6073981c-104e-449c-a4b4-2a55a342dff6
5cb9e164-9592-5875-83bc-1373f988069f5cb9e164-9592-5875-83bc-1373f988069f,Nike Air Max 1 '86 OG G NRG,Men's Golf Shoes,golf,6e087910-0f8e-408b-8919-fb7f886f844a
c781bb66-2844-5f31-88bb-d74b21bf3720c781bb66-2844-5f31-88bb-d74b21bf3720,Nike Air Zoom Victory Tour 3 NRG,Men's Golf Shoes,golf,0a78b131-11d9-4591-ad09-4cb58400bb11
c781bb66-2844-5f31-88bb-d74b21bf37205c39400d-3717-5a34-b398-e53fb7bd072c,Nike Air Zoom Victory Tour 3 NRG,Men's Golf Shoes,golf,0a78b131-11d9-4591-ad09-4cb58400bb11
877d774f-b564-54de-8268-4be2ef7d2e85877d774f-b564-54de-8268-4be2ef7d2e85,Nike In-Season TR 13,Women's Workout Shoes,training,fee357c6-1d68-4d4e-946f-a330a5224321
877d774f-b564-54de-8268-4be2ef7d2e85e306260f-9e1c-58e3-b0a9-53ce0590c394,Nike In-Season TR 13,Women's Workout Shoes,training,fee357c6-1d68-4d4e-946f-a330a5224321
877d774f-b564-54de-8268-4be2ef7d2e85bcf2b39f-d5c1-57d5-9416-0ddc004c7b74,Nike In-Season TR 13,Women's Workout Shoes,training,fee357c6-1d68-4d4e-946f-a330a5224321
877d774f-b564-54de-8268-4be2ef7d2e8501b49f6f-a470-5eb2-a115-543c16354281,Nike In-Season TR 13,Women's Workout Shoes,training,fee357c6-1d68-4d4e-946f-a330a5224321
877d774f-b564-54de-8268-4be2ef7d2e85dd9b4bcc-b097-50a0-bcd8-20acf7fa99f1,Nike In-Season TR 13,Women's Workout Shoes,training,fee357c6-1d68-4d4e-946f-a330a5224321
877d774f-b564-54de-8268-4be2ef7d2e85a6e6c90d-9c9b-55db-b0eb-92ddaeddc681,Nike In-Season TR 13,Women's Workout Shoes,training,fee357c6-1d68-4d4e-946f-a330a5224321
877d774f-b564-54de-8268-4be2ef7d2e85cab49630-b2e5-5450-85f6-ed5a4a4aab1c,Nike In-Season TR 13,Women's Workout Shoes,training,fee357c6-1d68-4d4e-946f-a330a5224321
877d774f-b564-54de-8268-4be2ef7d2e85060b1e9b-d408-50e9-87b3-39d9f503c236,Nike In-Season TR 13,Women's Workout Shoes,training,fee357c6-1d68-4d4e-946f-a330a5224321
877d774f-b564-54de-8268-4be2ef7d2e85095b4d27-1fc2-50e5-a875-871b36025305,Nike In-Season TR 13,Women's Workout Shoes,training,fee357c6-1d68-4d4e-946f-a330a5224321
a6469ec7-ba76-53da-9a9e-68a0208950c0a6469ec7-ba76-53da-9a9e-68a0208950c0,Nike Zoom SuperRep 4 Next Nature,Women’s Workout Shoes,training,d4f2b90a-aee3-4d1f-b328-15426045b256
a6469ec7-ba76-53da-9a9e-68a0208950c008fcc64d-5a6e-5e55-9a9b-1b8a96e590c3,Nike Zoom SuperRep 4 Next Nature,Women’s Workout Shoes,training,d4f2b90a-aee3-4d1f-b328-15426045b256
a6469ec7-ba76-53da-9a9e-68a0208950c09cc18e6f-0fec-560e-9ab5-9d46d96dcc38,Nike Zoom SuperRep 4 Next Nature,Women’s Workout Shoes,training,d4f2b90a-aee3-4d1f-b328-15426045b256
a6469ec7-ba76-53da-9a9e-68a0208950c0ff212199-bad1-5248-90e7-1cd57946a4f2,Nike Zoom SuperRep 4 Next Nature,Women’s Workout Shoes,training,d4f2b90a-aee3-4d1f-b328-15426045b256
a6469ec7-ba76-53da-9a9e-68a0208950c03b3afcc0-1e99-5efd-abd6-0ca57139b0b2,Nike Zoom SuperRep 4 Next Nature,Women’s Workout Shoes,training,d4f2b90a-aee3-4d1f-b328-15426045b256
a6469ec7-ba76-53da-9a9e-68a0208950c057e613cf-a472-5fe9-a522-dbcaab1650ce,Nike Zoom SuperRep 4 Next Nature,Women’s Workout Shoes,training,d4f2b90a-aee3-4d1f-b328-15426045b256
a6469ec7-ba76-53da-9a9e-68a0208950c0fb6e7f7d-cefd-5caf-9c38-8d5df9844def,Nike Zoom SuperRep 4 Next Nature,Women’s Workout Shoes,training,d4f2b90a-aee3-4d1f-b328-15426045b256
b6e3fc51-94b9-52d2-a499-973c5987cff4b6e3fc51-94b9-52d2-a499-973c5987cff4,Nike Air Zoom TR 1,Men's Workout Shoes,training,3ef7cf50-8660-45a8-93bb-e154e369230d
b6e3fc51-94b9-52d2-a499-973c5987cff4b7116a9b-5ce9-54a8-82b8-80abb06b08b3,Nike Air Zoom TR 1,Men's Workout Shoes,training,3ef7cf50-8660-45a8-93bb-e154e369230d
b6e3fc51-94b9-52d2-a499-973c5987cff4be8c9456-49e4-5684-90dd-c9da75868ee4,Nike Air Zoom TR 1,Men's Workout Shoes,training,3ef7cf50-8660-45a8-93bb-e154e369230d
b6e3fc51-94b9-52d2-a499-973c5987cff4985f37eb-953d-59cc-8748-f12742a211b3,Nike Air Zoom TR 1,Men's Workout Shoes,training,3ef7cf50-8660-45a8-93bb-e154e369230d
37bb4e31-932f-51da-a61b-7a3a25838f3a37bb4e31-932f-51da-a61b-7a3a25838f3a,Nike Metcon 9,Men's Workout Shoes,training,4f930ae7-04a5-4f91-918f-a8dd668a9c11
37bb4e31-932f-51da-a61b-7a3a25838f3a60daf6dd-4778-55d3-b6aa-58f1cb986bb3,Nike Metcon 9,Men's Workout Shoes,training,4f930ae7-04a5-4f91-918f-a8dd668a9c11
37bb4e31-932f-51da-a61b-7a3a25838f3a8b661a1a-4917-5d89-813d-279a424cb122,Nike Metcon 9,Men's Workout Shoes,training,4f930ae7-04a5-4f91-918f-a8dd668a9c11
37bb4e31-932f-51da-a61b-7a3a25838f3af1adcb81-03d2-54d1-b51f-b488675a3864,Nike Metcon 9,Men's Workout Shoes,training,4f930ae7-04a5-4f91-918f-a8dd668a9c11
37bb4e31-932f-51da-a61b-7a3a25838f3a22896d7f-e337-54ce-b7ff-153773d9fff6,Nike Metcon 9,Men's Workout Shoes,training,4f930ae7-04a5-4f91-918f-a8dd668a9c11
37bb4e31-932f-51da-a61b-7a3a25838f3acf3d36fb-4bee-5f49-b557-ed147f6575ac,Nike Metcon 9,Men's Workout Shoes,training,4f930ae7-04a5-4f91-918f-a8dd668a9c11
37bb4e31-932f-51da-a61b-7a3a25838f3ab0906206-cc6a-57ec-ba38-3a330c6eaab1,Nike Metcon 9,Men's Workout Shoes,training,4f930ae7-04a5-4f91-918f-a8dd668a9c11
37bb4e31-932f-51da-a61b-7a3a25838f3a6ba06576-f3fe-5852-8e54-b60eb3740284,Nike Metcon 9,Men's Workout Shoes,training,4f930ae7-04a5-4f91-918f-a8dd668a9c11
3161f40f-b558-581d-b99a-40b4474791153161f40f-b558-581d-b99a-40b447479115,NikeCourt Air Zoom Vapor 11 Attack,Men's Hard Court Tennis Shoes,tennis,86bc4a4e-fcd0-4a68-afb0-d6ac0b446d94
89582681-b0af-5023-ad48-3e89c7e7051289582681-b0af-5023-ad48-3e89c7e70512,NikeCourt Air Zoom Vapor 11 Attack PRM,Men's Hard Court Tennis Shoes,tennis,83502f0c-78d0-4089-8487-795f79690fad
b70c876b-3fa8-5cc2-9103-7d809b36d9eeb70c876b-3fa8-5cc2-9103-7d809b36d9ee,NikeCourt Air Zoom Vapor Pro 2 Premium,Men's Hard Court Tennis Shoes,tennis,3fdd8da9-dc96-4c61-bd98-d5f95e1b51bf
09d78b28-7ff3-5568-a3d2-6d26e4ed338c09d78b28-7ff3-5568-a3d2-6d26e4ed338c,NikeCourt Vapor Lite 2 Premium,Men's Hard Court Tennis Shoes,tennis,7d8fe73f-a8ba-4f90-80b6-3f41d615cfd3
92f9cd9f-48d4-5e15-8e0c-7424c0c5c55792f9cd9f-48d4-5e15-8e0c-7424c0c5c557,NikeCourt Air Zoom Vapor 11 Premium,Women's Hard Court Tennis Shoes,tennis,eb5dab52-0305-4c04-9daa-adf9340236cc
d3e976b1-54d7-5a82-bfae-20fcc3833f3ad3e976b1-54d7-5a82-bfae-20fcc3833f3a,NikeCourt Air Zoom Vapor Pro 2 Premium,Women's Hard Court Tennis Shoes,tennis,b23d825e-0eb9-4ce5-866b-0e7cbe5ae5a4
44991b9c-a187-561c-b50a-15f8902a522744991b9c-a187-561c-b50a-15f8902a5227,NikeCourt Vapor Lite 2 Premium,Women's Hard Court Tennis Shoes,tennis,76a65025-2769-437c-ba11-a58acf350074
73f62dfb-8b36-52ec-861d-45a3fae720ee73f62dfb-8b36-52ec-861d-45a3fae720ee,NikeCourt Air Zoom Vapor 11,Women's Hard Court Tennis Shoes,tennis,3983b51c-60c2-4c46-8aaa-f4b4fac2cf44
73f62dfb-8b36-52ec-861d-45a3fae720eeeb901099-cda7-5329-b113-868820e042ce,NikeCourt Air Zoom Vapor 11,Women's Hard Court Tennis Shoes,tennis,3983b51c-60c2-4c46-8aaa-f4b4fac2cf44
73f62dfb-8b36-52ec-861d-45a3fae720ee6750bb83-7aee-5d70-ba59-77e0141b3074,NikeCourt Air Zoom Vapor 11,Women's Hard Court Tennis Shoes,tennis,3983b51c-60c2-4c46-8aaa-f4b4fac2cf44
73f62dfb-8b36-52ec-861d-45a3fae720ee5f4041d0-61d7-5cd2-aa1e-1b25063a533b,NikeCourt Air Zoom Vapor 11,Women's Hard Court Tennis Shoes,tennis,3983b51c-60c2-4c46-8aaa-f4b4fac2cf44
73f62dfb-8b36-52ec-861d-45a3fae720ee939cd755-3dcf-5b72-acd8-5187166b3290,NikeCourt Air Zoom Vapor 11,Women's Hard Court Tennis Shoes,tennis,3983b51c-60c2-4c46-8aaa-f4b4fac2cf44
d1536e5a-de73-5e90-bf57-8884444fa36ad1536e5a-de73-5e90-bf57-8884444fa36a,NikeCourt Zoom Vapor Cage 4 Rafa,Men’s Hard Court Tennis Shoes,tennis,c44bad53-9c95-4a9d-a71e-60ac1489e950
d1536e5a-de73-5e90-bf57-8884444fa36a89243e02-7799-5083-9a28-8577b09ba2e7,NikeCourt Zoom Vapor Cage 4 Rafa,Men’s Hard Court Tennis Shoes,tennis,c44bad53-9c95-4a9d-a71e-60ac1489e950
d1536e5a-de73-5e90-bf57-8884444fa36a7e1b008a-a434-5cf5-97bb-8ae24283e382,NikeCourt Zoom Vapor Cage 4 Rafa,Men’s Hard Court Tennis Shoes,tennis,c44bad53-9c95-4a9d-a71e-60ac1489e950
d1536e5a-de73-5e90-bf57-8884444fa36ae2b160c5-da7b-513c-a326-59f4854b484b,NikeCourt Zoom Vapor Cage 4 Rafa,Men’s Hard Court Tennis Shoes,tennis,c44bad53-9c95-4a9d-a71e-60ac1489e950
d1536e5a-de73-5e90-bf57-8884444fa36addab3832-4732-5ef8-8d67-974f93dfe264,NikeCourt Zoom Vapor Cage 4 Rafa,Men’s Hard Court Tennis Shoes,tennis,c44bad53-9c95-4a9d-a71e-60ac1489e950
39e295c1-5496-5f3d-9ed7-9a70b920409939e295c1-5496-5f3d-9ed7-9a70b9204099,NikeCourt Air Zoom Vapor 11,Men's Hard Court Tennis Shoes,tennis,aeec2103-5bb1-41b1-8df9-84c5b4af00b8
39e295c1-5496-5f3d-9ed7-9a70b92040992455db62-5f2f-5597-b785-ec41cafc3f43,NikeCourt Air Zoom Vapor 11,Men's Hard Court Tennis Shoes,tennis,aeec2103-5bb1-41b1-8df9-84c5b4af00b8
39e295c1-5496-5f3d-9ed7-9a70b9204099c82ed093-7c95-598e-9a09-f60f3623a900,NikeCourt Air Zoom Vapor 11,Men's Hard Court Tennis Shoes,tennis,aeec2103-5bb1-41b1-8df9-84c5b4af00b8
39e295c1-5496-5f3d-9ed7-9a70b9204099f3a4479e-0051-5787-af2d-8a8596f105a8,NikeCourt Air Zoom Vapor 11,Men's Hard Court Tennis Shoes,tennis,aeec2103-5bb1-41b1-8df9-84c5b4af00b8
39e295c1-5496-5f3d-9ed7-9a70b92040992f7457cd-db03-57fb-a5ad-dd8deb85d011,NikeCourt Air Zoom Vapor 11,Men's Hard Court Tennis Shoes,tennis,aeec2103-5bb1-41b1-8df9-84c5b4af00b8
8e82c80a-3429-5033-8f38-a91e3e5619a48e82c80a-3429-5033-8f38-a91e3e5619a4,NikeCourt Air Zoom Vapor Pro 2,Women's Hard Court Tennis Shoes,tennis,3b014585-d4b6-490a-83a1-8119e849defc
8e82c80a-3429-5033-8f38-a91e3e5619a4934ae0f4-bb7d-528d-980b-48b7b03b8ce4,NikeCourt Air Zoom Vapor Pro 2,Women's Hard Court Tennis Shoes,tennis,3b014585-d4b6-490a-83a1-8119e849defc
8e82c80a-3429-5033-8f38-a91e3e5619a4a9dbd74c-6e6e-5e43-8ccd-901b52b875c9,NikeCourt Air Zoom Vapor Pro 2,Women's Hard Court Tennis Shoes,tennis,3b014585-d4b6-490a-83a1-8119e849defc
8e82c80a-3429-5033-8f38-a91e3e5619a41fda6d50-ff5c-512f-b155-5cca0ef76f09,NikeCourt Air Zoom Vapor Pro 2,Women's Hard Court Tennis Shoes,tennis,3b014585-d4b6-490a-83a1-8119e849defc
8e82c80a-3429-5033-8f38-a91e3e5619a4315d5e5a-8857-5638-a82f-aa9f9c98c14a,NikeCourt Air Zoom Vapor Pro 2,Women's Hard Court Tennis Shoes,tennis,3b014585-d4b6-490a-83a1-8119e849defc
8e82c80a-3429-5033-8f38-a91e3e5619a4fcc0c0c7-f63e-5d58-83cd-17d9bd22190a,NikeCourt Air Zoom Vapor Pro 2,Women's Hard Court Tennis Shoes,tennis,3b014585-d4b6-490a-83a1-8119e849defc
e4f462eb-e533-5e3a-9199-03ac6f6f358fe4f462eb-e533-5e3a-9199-03ac6f6f358f,NikeCourt Air Zoom Lite 3,Women's Tennis Shoes,tennis,a05ec3b7-9996-4eac-994c-40ee254e1cec
e4f462eb-e533-5e3a-9199-03ac6f6f358f0a07b7c0-1ca2-5f4b-b7db-c13129367589,NikeCourt Air Zoom Lite 3,Women's Tennis Shoes,tennis,a05ec3b7-9996-4eac-994c-40ee254e1cec
e4f462eb-e533-5e3a-9199-03ac6f6f358f73f7d935-dfec-5620-ac59-947cc1c58b51,NikeCourt Air Zoom Lite 3,Women's Tennis Shoes,tennis,a05ec3b7-9996-4eac-994c-40ee254e1cec
f41c1277-74a7-5d3a-a6c0-ebdfa01f9f3df41c1277-74a7-5d3a-a6c0-ebdfa01f9f3d,Nike Vapor Edge Dunk,Men's Football Cleats,football,89b99ebf-755a-4b40-aa8a-13744f588bf6
fc91af41-f89b-57c5-bffa-ce5be086bebcfc91af41-f89b-57c5-bffa-ce5be086bebc,Nike Vapor Edge 360 VC,Men's Football Cleats,football,bb2f669c-9082-4f16-9228-fb5cd7f9ef34
fc91af41-f89b-57c5-bffa-ce5be086bebce5b2176d-afbd-5f90-9862-f3e8efb094bc,Nike Vapor Edge 360 VC,Men's Football Cleats,football,bb2f669c-9082-4f16-9228-fb5cd7f9ef34
fc91af41-f89b-57c5-bffa-ce5be086bebccffae56b-6d33-5f6a-88e4-66a02dc7d9e9,Nike Vapor Edge 360 VC,Men's Football Cleats,football,bb2f669c-9082-4f16-9228-fb5cd7f9ef34
fc91af41-f89b-57c5-bffa-ce5be086bebc99f4ab1c-5b89-52e5-add4-9de04c24c076,Nike Vapor Edge 360 VC,Men's Football Cleats,football,bb2f669c-9082-4f16-9228-fb5cd7f9ef34
3acdecf5-62b1-5643-81b8-18ea265a84543acdecf5-62b1-5643-81b8-18ea265a8454,Nike Vapor Edge Pro 360 2,Men's Football Cleats,football,2dafaa63-9e17-403d-8d96-c326718cfb0b
3acdecf5-62b1-5643-81b8-18ea265a845487178b14-b841-5455-8acf-8f661ecb8d5e,Nike Vapor Edge Pro 360 2,Men's Football Cleats,football,2dafaa63-9e17-403d-8d96-c326718cfb0b
3acdecf5-62b1-5643-81b8-18ea265a8454ebd1ebbd-1b62-508e-93b9-a23f091e912c,Nike Vapor Edge Pro 360 2,Men's Football Cleats,football,2dafaa63-9e17-403d-8d96-c326718cfb0b
3acdecf5-62b1-5643-81b8-18ea265a84540f4f5b07-d7fa-505e-a54b-fec3c79b235d,Nike Vapor Edge Pro 360 2,Men's Football Cleats,football,2dafaa63-9e17-403d-8d96-c326718cfb0b
3acdecf5-62b1-5643-81b8-18ea265a8454f7f230ad-a37d-58de-8d3c-1228c4bc416f,Nike Vapor Edge Pro 360 2,Men's Football Cleats,football,2dafaa63-9e17-403d-8d96-c326718cfb0b
3acdecf5-62b1-5643-81b8-18ea265a84548f81dec3-31f5-509b-87a8-62d6f338f84f,Nike Vapor Edge Pro 360 2,Men's Football Cleats,football,2dafaa63-9e17-403d-8d96-c326718cfb0b
3acdecf5-62b1-5643-81b8-18ea265a8454554ebb4a-72dc-5079-a55f-458f1d07973e,Nike Vapor Edge Pro 360 2,Men's Football Cleats,football,2dafaa63-9e17-403d-8d96-c326718cfb0b
8c68507f-c327-5e5e-9228-4e99f6684ff18c68507f-c327-5e5e-9228-4e99f6684ff1,"""Nike Alpha Menace Elite 3 """"Travis Kelce""""""",Men's Football Cleats,football,421a474d-6a39-4384-b334-a326d04add74
710e05b2-62e2-5696-9ef7-3cc40e739099710e05b2-62e2-5696-9ef7-3cc40e739099,"""Nike Vapor Edge Pro 360 2 """"Ja'Marr Chase""""""",Men's Football Cleats,football,97168340-c12b-4f2d-b40a-d3826ece0789
97a041ee-8877-57ff-848d-94aec020bc9897a041ee-8877-57ff-848d-94aec020bc98,Nike Vapor Edge Pro 360 2 (Team),Football Cleats,football,b9be3448-e792-480b-8392-533b30f89edc
97a041ee-8877-57ff-848d-94aec020bc981b3fc7c0-ebc8-53e0-bf60-29a137f0317d,Nike Vapor Edge Pro 360 2 (Team),Football Cleats,football,b9be3448-e792-480b-8392-533b30f89edc
97a041ee-8877-57ff-848d-94aec020bc98cf33aa9b-6901-5a7b-ae45-b81a6ed7fa3a,Nike Vapor Edge Pro 360 2 (Team),Football Cleats,football,b9be3448-e792-480b-8392-533b30f89edc
97a041ee-8877-57ff-848d-94aec020bc98e121c795-65cc-593f-a69a-e2d7367ab4a0,Nike Vapor Edge Pro 360 2 (Team),Football Cleats,football,b9be3448-e792-480b-8392-533b30f89edc
8a4ecc66-2b3a-587c-9495-5c87df8e10b58a4ecc66-2b3a-587c-9495-5c87df8e10b5,Nike Vapor Edge Elite 360 2,Men's Football Cleats,football,10ec4a0c-075d-4c60-b53d-bb8af7b66a1b
8a4ecc66-2b3a-587c-9495-5c87df8e10b579bdaca9-5642-567a-902c-a9edbb6335e2,Nike Vapor Edge Elite 360 2,Men's Football Cleats,football,10ec4a0c-075d-4c60-b53d-bb8af7b66a1b
8a4ecc66-2b3a-587c-9495-5c87df8e10b5e8f6c909-80a8-5bce-a5fc-5695d645f60d,Nike Vapor Edge Elite 360 2,Men's Football Cleats,football,10ec4a0c-075d-4c60-b53d-bb8af7b66a1b
8a4ecc66-2b3a-587c-9495-5c87df8e10b5ed3783e4-9f00-56ef-b024-d3c83bd11500,Nike Vapor Edge Elite 360 2,Men's Football Cleats,football,10ec4a0c-075d-4c60-b53d-bb8af7b66a1b
8a4ecc66-2b3a-587c-9495-5c87df8e10b50322dfc8-8140-5890-b57c-dd7e856c07ff,Nike Vapor Edge Elite 360 2,Men's Football Cleats,football,10ec4a0c-075d-4c60-b53d-bb8af7b66a1b
8a4ecc66-2b3a-587c-9495-5c87df8e10b5ffe57fa6-4b51-5c40-b2c2-5a09e3e44047,Nike Vapor Edge Elite 360 2,Men's Football Cleats,football,10ec4a0c-075d-4c60-b53d-bb8af7b66a1b
c21abbc4-ef7f-5758-bd48-090ec6dfb317c21abbc4-ef7f-5758-bd48-090ec6dfb317,Nike Alpha Menace Elite 3,Men's Football Cleats,football,e307d2ea-fee0-4888-84e1-81b366fb031f
c21abbc4-ef7f-5758-bd48-090ec6dfb3176ba2d8d5-8ab5-555e-a552-5a23be4dac9c,Nike Alpha Menace Elite 3,Men's Football Cleats,football,e307d2ea-fee0-4888-84e1-81b366fb031f
c21abbc4-ef7f-5758-bd48-090ec6dfb3177fe23177-9ec8-51a4-a796-83e58de83d20,Nike Alpha Menace Elite 3,Men's Football Cleats,football,e307d2ea-fee0-4888-84e1-81b366fb031f
c21abbc4-ef7f-5758-bd48-090ec6dfb3172ad7ac06-bcf0-51df-a664-25b1cbc8308d,Nike Alpha Menace Elite 3,Men's Football Cleats,football,e307d2ea-fee0-4888-84e1-81b366fb031f
c21abbc4-ef7f-5758-bd48-090ec6dfb31768d0b8dc-4a32-5483-a14a-d144dbda09eb,Nike Alpha Menace Elite 3,Men's Football Cleats,football,e307d2ea-fee0-4888-84e1-81b366fb031f
95ef6257-871e-574f-85ce-7ac07861a99f95ef6257-871e-574f-85ce-7ac07861a99f,Nike G.T. Jump 2,Basketball Shoes,basketball,3c49c9d3-33b9-4a8f-93ce-ca09f8155cfb
95ef6257-871e-574f-85ce-7ac07861a99f0adbe617-ecf6-5af5-8fc2-793a5632d497,Nike G.T. Jump 2,Basketball Shoes,basketball,3c49c9d3-33b9-4a8f-93ce-ca09f8155cfb
95ef6257-871e-574f-85ce-7ac07861a99f4d7ef7d2-9278-5bbf-9b2a-3a516fab76d0,Nike G.T. Jump 2,Basketball Shoes,basketball,3c49c9d3-33b9-4a8f-93ce-ca09f8155cfb
fb9b433e-4f30-544d-9b80-89fe7af1ffb7fb9b433e-4f30-544d-9b80-89fe7af1ffb7,Nike G.T. Hustle 2 GTE,Basketball Shoes,basketball,c60bc7f2-e34c-428e-aed6-96da7e8b9960
fb9b433e-4f30-544d-9b80-89fe7af1ffb7612c7d14-88ba-5522-9e1b-11b05fbbbfb5,Nike G.T. Hustle 2 GTE,Basketball Shoes,basketball,c60bc7f2-e34c-428e-aed6-96da7e8b9960
fb9b433e-4f30-544d-9b80-89fe7af1ffb7f086d5e9-93a4-5675-bc9d-c602e6299345,Nike G.T. Hustle 2 GTE,Basketball Shoes,basketball,c60bc7f2-e34c-428e-aed6-96da7e8b9960
fb9b433e-4f30-544d-9b80-89fe7af1ffb7a8447851-bb21-5c98-8983-da2284c2cdd8,Nike G.T. Hustle 2 GTE,Basketball Shoes,basketball,c60bc7f2-e34c-428e-aed6-96da7e8b9960
fb9b433e-4f30-544d-9b80-89fe7af1ffb77930008b-7ad3-55aa-9ae3-a646d7b0eddd,Nike G.T. Hustle 2 GTE,Basketball Shoes,basketball,c60bc7f2-e34c-428e-aed6-96da7e8b9960
2e43d2b0-1a67-54ad-a63f-c4497cbb7c622e43d2b0-1a67-54ad-a63f-c4497cbb7c62,Nike G.T. Cut 2 GTE,Basketball Shoes,basketball,f78fe329-45d0-4e89-a7eb-f4d1b35f5bcd
96eb7628-2609-5099-8c41-847c3aa401bb96eb7628-2609-5099-8c41-847c3aa401bb,Nike G.T. Cut 2,Women's Basketball Shoes,basketball,278180ea-0b5c-466e-a836-f87d7bf81e90
96eb7628-2609-5099-8c41-847c3aa401bb4d86f2cf-4268-5a05-9dcb-5d3b088a97b1,Nike G.T. Cut 2,Women's Basketball Shoes,basketball,278180ea-0b5c-466e-a836-f87d7bf81e90
96eb7628-2609-5099-8c41-847c3aa401bb48205044-cbfd-5c37-ae8c-e1c46031dab5,Nike G.T. Cut 2,Women's Basketball Shoes,basketball,278180ea-0b5c-466e-a836-f87d7bf81e90
96eb7628-2609-5099-8c41-847c3aa401bbcb5292a3-cd0d-516f-aab6-10db4bea9e76,Nike G.T. Cut 2,Women's Basketball Shoes,basketball,278180ea-0b5c-466e-a836-f87d7bf81e90
c024f700-9207-5739-8e39-daf3a54bd9bac024f700-9207-5739-8e39-daf3a54bd9ba,"""Sabrina 1 """"Magnetic""""""",Basketball Shoes,basketball,666dd8a0-91c8-4b62-85c1-57b01b77c798
c024f700-9207-5739-8e39-daf3a54bd9ba99305543-f25d-5f51-aab7-a32b6e63281a,"""Sabrina 1 """"Magnetic""""""",Basketball Shoes,basketball,666dd8a0-91c8-4b62-85c1-57b01b77c798
c024f700-9207-5739-8e39-daf3a54bd9ba4244be4d-53fd-5cc5-8f8a-9242688c2006,"""Sabrina 1 """"Magnetic""""""",Basketball Shoes,basketball,666dd8a0-91c8-4b62-85c1-57b01b77c798
c024f700-9207-5739-8e39-daf3a54bd9bac0b51e2b-e865-55d7-b3ce-ac655fefb337,"""Sabrina 1 """"Magnetic""""""",Basketball Shoes,basketball,666dd8a0-91c8-4b62-85c1-57b01b77c798
73332efe-6827-5ff6-b53c-d5c8d3f0daf473332efe-6827-5ff6-b53c-d5c8d3f0daf4,KD16,Basketball Shoes,basketball,e5576713-5b1e-40ce-9434-34e697b5cd1a
73332efe-6827-5ff6-b53c-d5c8d3f0daf4a4a2f6f2-5f6b-5e06-8e2f-f8052eeefc55,KD16,Basketball Shoes,basketball,e5576713-5b1e-40ce-9434-34e697b5cd1a
73332efe-6827-5ff6-b53c-d5c8d3f0daf4036d10b9-7b11-5328-b79c-4f779733ffff,KD16,Basketball Shoes,basketball,e5576713-5b1e-40ce-9434-34e697b5cd1a
73332efe-6827-5ff6-b53c-d5c8d3f0daf4a87c4f12-6b8e-5513-9410-16e6207248a2,KD16,Basketball Shoes,basketball,e5576713-5b1e-40ce-9434-34e697b5cd1a
73332efe-6827-5ff6-b53c-d5c8d3f0daf4dd9572cc-68f4-5690-9537-c78e649f6508,KD16,Basketball Shoes,basketball,e5576713-5b1e-40ce-9434-34e697b5cd1a
35ac1f69-0a54-5ce3-9937-fe2c234146e535ac1f69-0a54-5ce3-9937-fe2c234146e5,"""Ja 1 """"Guava Ice""""""",Basketball Shoes,basketball,0f6418ae-9c45-4a15-98ba-c81a2d18546c
35ac1f69-0a54-5ce3-9937-fe2c234146e57f5a403e-2a0e-5cd1-a493-35ce13c31452,"""Ja 1 """"Guava Ice""""""",Basketball Shoes,basketball,0f6418ae-9c45-4a15-98ba-c81a2d18546c
35ac1f69-0a54-5ce3-9937-fe2c234146e5350612b8-7be3-565d-9747-8adf18a5437b,"""Ja 1 """"Guava Ice""""""",Basketball Shoes,basketball,0f6418ae-9c45-4a15-98ba-c81a2d18546c
dc09e80c-4987-53c4-bdc6-857587ed355ddc09e80c-4987-53c4-bdc6-857587ed355d,Ja 1,Big Kids' Basketball Shoes,basketball,857b91e4-2950-4fe9-b79e-3630c3b7044d
dc09e80c-4987-53c4-bdc6-857587ed355d01780ad9-044d-5695-bfa0-60bdfc96d8b2,Ja 1,Big Kids' Basketball Shoes,basketball,857b91e4-2950-4fe9-b79e-3630c3b7044d
ec9480bd-f08a-5ed6-815b-96f552dd755cec9480bd-f08a-5ed6-815b-96f552dd755c,LeBron NXXT Gen,Basketball Shoes,basketball,608835b9-7696-4f6e-9b77-47cd55bbae30
ec9480bd-f08a-5ed6-815b-96f552dd755cc120aee6-515d-5bcc-bc34-513ec74dacc4,LeBron NXXT Gen,Basketball Shoes,basketball,608835b9-7696-4f6e-9b77-47cd55bbae30
ec9480bd-f08a-5ed6-815b-96f552dd755c4772d031-067e-5573-8540-2cd708ce6077,LeBron NXXT Gen,Basketball Shoes,basketball,608835b9-7696-4f6e-9b77-47cd55bbae30
ec9480bd-f08a-5ed6-815b-96f552dd755c9a135e52-b859-5437-80dd-cc600c6ce4fc,LeBron NXXT Gen,Basketball Shoes,basketball,608835b9-7696-4f6e-9b77-47cd55bbae30
ec9480bd-f08a-5ed6-815b-96f552dd755c4c54b791-eac5-5277-a242-65fa2a117e64,LeBron NXXT Gen,Basketball Shoes,basketball,608835b9-7696-4f6e-9b77-47cd55bbae30
ec9480bd-f08a-5ed6-815b-96f552dd755c5e205ca0-a6da-5f57-af87-24873a668d39,LeBron NXXT Gen,Basketball Shoes,basketball,608835b9-7696-4f6e-9b77-47cd55bbae30
ec9480bd-f08a-5ed6-815b-96f552dd755c17254e6e-2440-5814-8e96-8dd287b6a338,LeBron NXXT Gen,Basketball Shoes,basketball,608835b9-7696-4f6e-9b77-47cd55bbae30
ec9480bd-f08a-5ed6-815b-96f552dd755c8acfd161-beab-5628-b604-34d93110f5f3,LeBron NXXT Gen,Basketball Shoes,basketball,608835b9-7696-4f6e-9b77-47cd55bbae30
204474fe-a318-55df-9592-aec011383cff204474fe-a318-55df-9592-aec011383cff,"""LeBron XXI """"Abalone""""""",Basketball Shoes,basketball,e992ee8a-db8d-4923-add9-012330dfadc9
4ba10db2-f12d-5a3a-b155-e74c8b4788574ba10db2-f12d-5a3a-b155-e74c8b478857,"""LeBron XXI """"Tahitian""""""",Basketball Shoes,basketball,7c92a454-5db9-433d-90ef-d3e0e5e806ab
4ba10db2-f12d-5a3a-b155-e74c8b478857cf5234e8-22bb-5a99-a1bb-906c13115f2c,"""LeBron XXI """"Tahitian""""""",Basketball Shoes,basketball,7c92a454-5db9-433d-90ef-d3e0e5e806ab
4ba10db2-f12d-5a3a-b155-e74c8b4788570e94d2a7-b363-5a99-8c6b-c219fada9f8f,"""LeBron XXI """"Tahitian""""""",Basketball Shoes,basketball,7c92a454-5db9-433d-90ef-d3e0e5e806ab
4ba10db2-f12d-5a3a-b155-e74c8b4788571e15c501-61f2-5afd-9acc-bbbc88fa532c,"""LeBron XXI """"Tahitian""""""",Basketball Shoes,basketball,7c92a454-5db9-433d-90ef-d3e0e5e806ab
31052ebf-89b6-5c0f-a11b-07d98938ff1e31052ebf-89b6-5c0f-a11b-07d98938ff1e,"""LeBron XXI """"Tahitian""""""",Little/Big Kids' Basketball Shoes,basketball,bada3864-5f9c-413e-a532-12840da195b0
31052ebf-89b6-5c0f-a11b-07d98938ff1e6e9f946f-928b-517d-b2d6-5a851e1b18ef,"""LeBron XXI """"Tahitian""""""",Little/Big Kids' Basketball Shoes,basketball,bada3864-5f9c-413e-a532-12840da195b0
1e9c53ed-f91c-5ab4-84a5-e04a6dedfbbe1e9c53ed-f91c-5ab4-84a5-e04a6dedfbbe,Nike City Classic,Women's Boots,boot,735e3469-3337-4a04-b90a-be1e7d1c50f6
1e9c53ed-f91c-5ab4-84a5-e04a6dedfbbe258d3e06-4a5e-58c1-9dd2-2a96f9c05223,Nike City Classic,Women's Boots,boot,735e3469-3337-4a04-b90a-be1e7d1c50f6
1e9c53ed-f91c-5ab4-84a5-e04a6dedfbbe2dbeb350-d325-5add-93f0-c316103807cb,Nike City Classic,Women's Boots,boot,735e3469-3337-4a04-b90a-be1e7d1c50f6
11fc3fa8-461a-58e4-8da1-4120462c974111fc3fa8-461a-58e4-8da1-4120462c9741,Nike Woodside II,Men's Boot,boot,515e1a4f-0d73-3c54-a53c-ed4aef9999d5
11fc3fa8-461a-58e4-8da1-4120462c9741a915f868-20b1-5c16-aec6-7cf234c215fe,Nike Woodside II,Men's Boot,boot,515e1a4f-0d73-3c54-a53c-ed4aef9999d5
11fc3fa8-461a-58e4-8da1-4120462c9741928b5a56-2823-5199-ba1f-ca5ea8b2b186,Nike Woodside II,Men's Boot,boot,515e1a4f-0d73-3c54-a53c-ed4aef9999d5
9ad62248-1646-53c8-abed-4f46bf9a06419ad62248-1646-53c8-abed-4f46bf9a0641,Nike Air Max Goaterra 2.0,Big Kids' Shoes,boot,f3e7b77d-9ef7-4e42-8490-d7a4f54d29d8
9ad62248-1646-53c8-abed-4f46bf9a064157cbf8f9-37f8-50bb-b418-796893bc0307,Nike Air Max Goaterra 2.0,Big Kids' Shoes,boot,f3e7b77d-9ef7-4e42-8490-d7a4f54d29d8
18369923-3052-518e-9cab-38712c4e5bda18369923-3052-518e-9cab-38712c4e5bda,Nike Air Max Goaterra 2.0,Little Kids' Shoes,boot,a42880ac-5e41-44d6-b6d6-cb2dee57a113
18369923-3052-518e-9cab-38712c4e5bda386743d3-89b1-56e3-b563-30c481b05fdd,Nike Air Max Goaterra 2.0,Little Kids' Shoes,boot,a42880ac-5e41-44d6-b6d6-cb2dee57a113
abbd4035-4df8-5cb6-afc5-e78704db15e6abbd4035-4df8-5cb6-afc5-e78704db15e6,Nike Woodside 2 High ACG,Big Kids' Boots,boot,1f431500-88b8-4db4-936d-d99c4380f3f2
abbd4035-4df8-5cb6-afc5-e78704db15e63877ed4a-77ca-5440-8bd5-f222e5e4e6c5,Nike Woodside 2 High ACG,Big Kids' Boots,boot,1f431500-88b8-4db4-936d-d99c4380f3f2
abbd4035-4df8-5cb6-afc5-e78704db15e67101a8a7-e87d-58f6-928a-3794b7ec40f8,Nike Woodside 2 High ACG,Big Kids' Boots,boot,1f431500-88b8-4db4-936d-d99c4380f3f2
abbd4035-4df8-5cb6-afc5-e78704db15e62aa23269-6d32-5c62-bf41-b794f91930e6,Nike Woodside 2 High ACG,Big Kids' Boots,boot,1f431500-88b8-4db4-936d-d99c4380f3f2
c1924f24-3ce0-5e04-90d7-15e7c385f23ac1924f24-3ce0-5e04-90d7-15e7c385f23a,Nike Flex Advance,Baby/Toddler Boots,boot,cb84fd89-54da-498e-8008-830a4dde24e8
c1924f24-3ce0-5e04-90d7-15e7c385f23a2e6494a3-a118-57c8-87cc-c35e37ac5cbb,Nike Flex Advance,Baby/Toddler Boots,boot,cb84fd89-54da-498e-8008-830a4dde24e8
c1924f24-3ce0-5e04-90d7-15e7c385f23ae21afb0d-2987-57ce-bf74-61cb60953728,Nike Flex Advance,Baby/Toddler Boots,boot,cb84fd89-54da-498e-8008-830a4dde24e8
3b64e545-c2a0-5c4f-a455-0712d84df2b43b64e545-c2a0-5c4f-a455-0712d84df2b4,Nike Flex Advance,Little Kids' Boots,boot,15d8ef05-76dd-483e-85e4-73e1196b7d02
3b64e545-c2a0-5c4f-a455-0712d84df2b472d325c4-d30c-5c42-b4f3-a5226d7dcd43,Nike Flex Advance,Little Kids' Boots,boot,15d8ef05-76dd-483e-85e4-73e1196b7d02
3b64e545-c2a0-5c4f-a455-0712d84df2b4b928df32-97c5-5241-8473-67cc3b6de98b,Nike Flex Advance,Little Kids' Boots,boot,15d8ef05-76dd-483e-85e4-73e1196b7d02
547e998b-b28d-5432-912d-58088f3b2851547e998b-b28d-5432-912d-58088f3b2851,Jordan Lil Drip,Little Kids' Boots,boot,1c213e6d-ff0a-4a3d-875b-20a2e7243f64
547e998b-b28d-5432-912d-58088f3b2851aec1c95e-8dfc-5d53-b646-b43b1b593c5b,Jordan Lil Drip,Little Kids' Boots,boot,1c213e6d-ff0a-4a3d-875b-20a2e7243f64
a369b6e0-790c-5b1f-a696-18982f0ae349a369b6e0-790c-5b1f-a696-18982f0ae349,Jordan Lil Drip,Baby/Toddler Boots,boot,f2b6acd8-1755-4245-a4ff-d4ef1b4bcb8b
a369b6e0-790c-5b1f-a696-18982f0ae349cff5061a-b23f-5411-90a8-0256f167c017,Jordan Lil Drip,Baby/Toddler Boots,boot,f2b6acd8-1755-4245-a4ff-d4ef1b4bcb8b
72d91198-c97a-5a4b-86a7-70215f9cf3be72d91198-c97a-5a4b-86a7-70215f9cf3be,Nike Tanjun High Rise,Women's Shoes,boot,11735abb-6a85-3829-a24c-096c2b7baade
8e3d052b-a399-571d-ba72-91c4801821aa8e3d052b-a399-571d-ba72-91c4801821aa,Nike Manoa,Men's Boot,boot,297a3f32-26a2-3ddc-9204-5f189f28ec3b
dc0af45f-9fb6-5172-b212-fa2e52fe1dc2dc0af45f-9fb6-5172-b212-fa2e52fe1dc2,Nike SFB Field 2 8” Realtree® GORE-TEX,Outdoor Boot,boot,d3b91e93-f97c-3898-bd1b-3d821a392957
420912cb-6afb-5d7a-bcff-28fe86e744c5420912cb-6afb-5d7a-bcff-28fe86e744c5,Nike Air Max Goadome,Men's Boots,boot,901ed0dd-ba0c-30d3-9148-a1dae7ba5bdf
420912cb-6afb-5d7a-bcff-28fe86e744c56ab72b69-137d-5994-beb1-d78344ef8106,Nike Air Max Goadome,Men's Boots,boot,901ed0dd-ba0c-30d3-9148-a1dae7ba5bdf
f08c7e4e-cc65-5923-a4d6-190ead1011a8f08c7e4e-cc65-5923-a4d6-190ead1011a8,Nike SFB Gen 2 8”,Tactical Boot,boot,4f584603-ef2f-3fe0-a51f-76f2eab36561
04a06168-4ca7-5122-9bd8-33b2ffb46c1604a06168-4ca7-5122-9bd8-33b2ffb46c16,Nike Manoa Leather SE,Men's Boots,boot,ca6c5841-725f-484d-b63b-5d2d11a6e833
04a06168-4ca7-5122-9bd8-33b2ffb46c167909a740-e2a8-527e-85ff-1f9d3311c36d,Nike Manoa Leather SE,Men's Boots,boot,ca6c5841-725f-484d-b63b-5d2d11a6e833
9deb3859-5552-550c-ac30-234a6ac20c829deb3859-5552-550c-ac30-234a6ac20c82,Nike Manoa Leather,Men's Boots,boot,df85d02a-516d-3ef8-9cf3-f36a08ba6332
9deb3859-5552-550c-ac30-234a6ac20c8207b1918d-2088-5f52-9485-22841ef1f0ab,Nike Manoa Leather,Men's Boots,boot,df85d02a-516d-3ef8-9cf3-f36a08ba6332
4995faa8-5431-5d19-b1bb-4e3aedeb29504995faa8-5431-5d19-b1bb-4e3aedeb2950,Nike Woodside Chukka 2,Women's Boots,boot,8531b351-bbc9-36ed-a506-7dddf58320dc
4995faa8-5431-5d19-b1bb-4e3aedeb29506b857a78-0f76-53d8-b595-e57a9f232326,Nike Woodside Chukka 2,Women's Boots,boot,8531b351-bbc9-36ed-a506-7dddf58320dc
31049291-dd06-55f2-a2bd-37977079a1c731049291-dd06-55f2-a2bd-37977079a1c7,Nike Air Max Goaterra 2.0,Men's Boots,boot,98118b36-8163-4025-bf19-bdc212f90189
31049291-dd06-55f2-a2bd-37977079a1c746dc03db-0cfc-5886-8d72-02bb31776e09,Nike Air Max Goaterra 2.0,Men's Boots,boot,98118b36-8163-4025-bf19-bdc212f90189
15796c88-420a-5f95-b0e0-6aebc68ffa8215796c88-420a-5f95-b0e0-6aebc68ffa82,"""Nike SFB 6"""" Leather""",Men's Boot,boot,b7f0b1e2-6adf-362a-80df-bce29e411a8d
15796c88-420a-5f95-b0e0-6aebc68ffa8228d9b872-e278-5709-a0de-0491aad0aba2,"""Nike SFB 6"""" Leather""",Men's Boot,boot,b7f0b1e2-6adf-362a-80df-bce29e411a8d
134d2a95-89fd-5d80-87f4-2c0b9c56e992134d2a95-89fd-5d80-87f4-2c0b9c56e992,Nike ACG Air Zoom Gaiadome GORE-TEX,Shoes,boot,d3a5bc33-d78b-4904-9d0b-ee7de5a7bec4
134d2a95-89fd-5d80-87f4-2c0b9c56e99263b3cd69-69fb-5f40-b20d-81bb73921e17,Nike ACG Air Zoom Gaiadome GORE-TEX,Shoes,boot,d3a5bc33-d78b-4904-9d0b-ee7de5a7bec4
4ddcdccc-0c87-5a8f-aa41-b4980e210bb74ddcdccc-0c87-5a8f-aa41-b4980e210bb7,Nike Lunar Force 1,Men's Duckboot,boot,22b4ed46-3869-4622-9c57-e7f19228b574
4ddcdccc-0c87-5a8f-aa41-b4980e210bb74610fe2f-cb28-574f-94b5-1a3747bd2416,Nike Lunar Force 1,Men's Duckboot,boot,22b4ed46-3869-4622-9c57-e7f19228b574
e804f916-b723-5277-8792-1a0a866c9615e804f916-b723-5277-8792-1a0a866c9615,Nike Woodside 2 High ACG,Little Kids' Boots,boot,1c4333dc-ba22-3118-b81c-a0d1acf1fa20
500511ac-f71d-5f88-bb0a-4116d443e010500511ac-f71d-5f88-bb0a-4116d443e010,"""Nike SFB Field 2 8"""" Leather""",Tactical Boots,boot,5884dc6d-da9b-337f-87d9-d709aca54eb4
69483c99-73b4-55c0-89ef-0aaf53f40ec769483c99-73b4-55c0-89ef-0aaf53f40ec7,Nike Force Zoom Trout 9 Elite,Baseball Cleats,baseball,5ff394a4-59b3-47b0-972c-4fae07fd1219
69483c99-73b4-55c0-89ef-0aaf53f40ec77db8a70c-9604-5746-a0bb-e7bbe80c7ccf,Nike Force Zoom Trout 9 Elite,Baseball Cleats,baseball,5ff394a4-59b3-47b0-972c-4fae07fd1219
69483c99-73b4-55c0-89ef-0aaf53f40ec71d5d1a13-948d-58c5-9cf1-840572ff8c57,Nike Force Zoom Trout 9 Elite,Baseball Cleats,baseball,5ff394a4-59b3-47b0-972c-4fae07fd1219
69483c99-73b4-55c0-89ef-0aaf53f40ec7497c7098-c3fa-5f52-81df-bfcce4f05337,Nike Force Zoom Trout 9 Elite,Baseball Cleats,baseball,5ff394a4-59b3-47b0-972c-4fae07fd1219
69483c99-73b4-55c0-89ef-0aaf53f40ec7ed5fda0e-4823-5aca-887a-ee04e9827178,Nike Force Zoom Trout 9 Elite,Baseball Cleats,baseball,5ff394a4-59b3-47b0-972c-4fae07fd1219
672fbb9f-3d4a-5ed0-a171-4647f945f911672fbb9f-3d4a-5ed0-a171-4647f945f911,Jordan 1 Retro Metal,Men's Baseball Cleats,baseball,d8a2f05d-b212-460d-be71-a627ade69f4e
672fbb9f-3d4a-5ed0-a171-4647f945f911fe843aea-1ced-584c-bc98-c73fb049c5b2,Jordan 1 Retro Metal,Men's Baseball Cleats,baseball,d8a2f05d-b212-460d-be71-a627ade69f4e
9eb971fb-7ada-5e33-aabd-84d5936c6e2e9eb971fb-7ada-5e33-aabd-84d5936c6e2e,Jordan 1 Retro MCS,Men's Baseball Cleats,baseball,e73c7082-7aad-455b-8227-25ad42d342d7
9eb971fb-7ada-5e33-aabd-84d5936c6e2e759d1038-2c2d-5f36-81f5-1c218f000252,Jordan 1 Retro MCS,Men's Baseball Cleats,baseball,e73c7082-7aad-455b-8227-25ad42d342d7
9eb971fb-7ada-5e33-aabd-84d5936c6e2e28b5b270-ad59-5df8-b4b6-7cfd12228d41,Jordan 1 Retro MCS,Men's Baseball Cleats,baseball,e73c7082-7aad-455b-8227-25ad42d342d7
9eb971fb-7ada-5e33-aabd-84d5936c6e2e9dacabb7-ed40-599c-9a24-ffe6aa817141,Jordan 1 Retro MCS,Men's Baseball Cleats,baseball,e73c7082-7aad-455b-8227-25ad42d342d7
2e2b9287-1daf-5c04-817f-030674177efb2e2b9287-1daf-5c04-817f-030674177efb,Jordan 1 Retro MCS Low,Men's Baseball Cleats,baseball,67cf231b-828d-4b5a-8f4e-8aa08dd54cc6
2e2b9287-1daf-5c04-817f-030674177efb0b1d52c2-bc26-58a5-9e3d-9d3666992fd7,Jordan 1 Retro MCS Low,Men's Baseball Cleats,baseball,67cf231b-828d-4b5a-8f4e-8aa08dd54cc6
2e2b9287-1daf-5c04-817f-030674177efb34e06f0f-c584-5e0d-8863-c32c1814fae2,Jordan 1 Retro MCS Low,Men's Baseball Cleats,baseball,67cf231b-828d-4b5a-8f4e-8aa08dd54cc6
2e2b9287-1daf-5c04-817f-030674177efbb24119c2-d668-50f1-8e5b-986e6d35c36b,Jordan 1 Retro MCS Low,Men's Baseball Cleats,baseball,67cf231b-828d-4b5a-8f4e-8aa08dd54cc6
2e2b9287-1daf-5c04-817f-030674177efb9fdb956b-321d-57a1-9b1e-a4b5795b96d4,Jordan 1 Retro MCS Low,Men's Baseball Cleats,baseball,67cf231b-828d-4b5a-8f4e-8aa08dd54cc6
2e2b9287-1daf-5c04-817f-030674177efb24203752-c0a3-5fb0-b9d2-f60ba6c072ab,Jordan 1 Retro MCS Low,Men's Baseball Cleats,baseball,67cf231b-828d-4b5a-8f4e-8aa08dd54cc6
2e2b9287-1daf-5c04-817f-030674177efb9d112a10-1cf1-5c57-b2a4-b79378072f0f,Jordan 1 Retro MCS Low,Men's Baseball Cleats,baseball,67cf231b-828d-4b5a-8f4e-8aa08dd54cc6
461b4dbf-ab85-5673-8d44-eeb75f29bc84461b4dbf-ab85-5673-8d44-eeb75f29bc84,Nike Alpha Huarache Elite 4 Low,Men's Baseball Cleats,baseball,6c6ae3f4-2f72-4b49-b2e6-e6512bab2cfc
461b4dbf-ab85-5673-8d44-eeb75f29bc84baa96488-9ff9-5749-b326-43b3697c5b89,Nike Alpha Huarache Elite 4 Low,Men's Baseball Cleats,baseball,6c6ae3f4-2f72-4b49-b2e6-e6512bab2cfc
461b4dbf-ab85-5673-8d44-eeb75f29bc846d6cfa04-0ec1-5c58-a94a-3066b4947140,Nike Alpha Huarache Elite 4 Low,Men's Baseball Cleats,baseball,6c6ae3f4-2f72-4b49-b2e6-e6512bab2cfc
461b4dbf-ab85-5673-8d44-eeb75f29bc847572fe97-b42b-5250-b9c8-f5c5b5177d4f,Nike Alpha Huarache Elite 4 Low,Men's Baseball Cleats,baseball,6c6ae3f4-2f72-4b49-b2e6-e6512bab2cfc
461b4dbf-ab85-5673-8d44-eeb75f29bc8424512b7b-1664-56e1-9570-8f50c5ea268e,Nike Alpha Huarache Elite 4 Low,Men's Baseball Cleats,baseball,6c6ae3f4-2f72-4b49-b2e6-e6512bab2cfc
461b4dbf-ab85-5673-8d44-eeb75f29bc84790135fe-7e29-577f-bb3a-ea695e3b051c,Nike Alpha Huarache Elite 4 Low,Men's Baseball Cleats,baseball,6c6ae3f4-2f72-4b49-b2e6-e6512bab2cfc
461b4dbf-ab85-5673-8d44-eeb75f29bc842451ca05-73e7-5d85-92e9-c2432ad50c2f,Nike Alpha Huarache Elite 4 Low,Men's Baseball Cleats,baseball,6c6ae3f4-2f72-4b49-b2e6-e6512bab2cfc
461b4dbf-ab85-5673-8d44-eeb75f29bc840a79163a-f652-572f-b0d6-e87105b533d2,Nike Alpha Huarache Elite 4 Low,Men's Baseball Cleats,baseball,6c6ae3f4-2f72-4b49-b2e6-e6512bab2cfc
461b4dbf-ab85-5673-8d44-eeb75f29bc846ac0d6eb-3727-561b-8f43-f9cc8f53421e,Nike Alpha Huarache Elite 4 Low,Men's Baseball Cleats,baseball,6c6ae3f4-2f72-4b49-b2e6-e6512bab2cfc
461b4dbf-ab85-5673-8d44-eeb75f29bc84a074ba36-4e49-5822-9d2f-441b69e07cea,Nike Alpha Huarache Elite 4 Low,Men's Baseball Cleats,baseball,6c6ae3f4-2f72-4b49-b2e6-e6512bab2cfc
461b4dbf-ab85-5673-8d44-eeb75f29bc84244b0dd1-aa88-5ca9-82ee-c7199826096a,Nike Alpha Huarache Elite 4 Low,Men's Baseball Cleats,baseball,6c6ae3f4-2f72-4b49-b2e6-e6512bab2cfc
c5ac6240-2f9d-5ac3-a999-795759833ff4c5ac6240-2f9d-5ac3-a999-795759833ff4,Nike Alpha Huarache Elite 4 Mid,Men's Baseball Cleats,baseball,e1556d27-916b-45d2-84ae-3873093ed9a3
c5ac6240-2f9d-5ac3-a999-795759833ff46127ebab-e176-5ef7-8e36-8c341b330a36,Nike Alpha Huarache Elite 4 Mid,Men's Baseball Cleats,baseball,e1556d27-916b-45d2-84ae-3873093ed9a3
c5ac6240-2f9d-5ac3-a999-795759833ff4966b34cf-04a9-54b4-aa2a-f35ea86d1712,Nike Alpha Huarache Elite 4 Mid,Men's Baseball Cleats,baseball,e1556d27-916b-45d2-84ae-3873093ed9a3
c5ac6240-2f9d-5ac3-a999-795759833ff471c67acc-bd78-5665-a9f3-d9e894f323df,Nike Alpha Huarache Elite 4 Mid,Men's Baseball Cleats,baseball,e1556d27-916b-45d2-84ae-3873093ed9a3
c5ac6240-2f9d-5ac3-a999-795759833ff4c09edf02-3dca-5018-af8a-6f459d101967,Nike Alpha Huarache Elite 4 Mid,Men's Baseball Cleats,baseball,e1556d27-916b-45d2-84ae-3873093ed9a3
c5ac6240-2f9d-5ac3-a999-795759833ff46875981a-14a4-5b36-87e6-5212a1460c86,Nike Alpha Huarache Elite 4 Mid,Men's Baseball Cleats,baseball,e1556d27-916b-45d2-84ae-3873093ed9a3
c5ac6240-2f9d-5ac3-a999-795759833ff4c745db5f-0dec-5b97-96e3-47602585980d,Nike Alpha Huarache Elite 4 Mid,Men's Baseball Cleats,baseball,e1556d27-916b-45d2-84ae-3873093ed9a3
c5ac6240-2f9d-5ac3-a999-795759833ff414ac45af-28e7-5ba3-9f6a-c867f220ef31,Nike Alpha Huarache Elite 4 Mid,Men's Baseball Cleats,baseball,e1556d27-916b-45d2-84ae-3873093ed9a3
1c6b7f45-92b9-5089-a433-88f4e9e9e3031c6b7f45-92b9-5089-a433-88f4e9e9e303,Nike Force Zoom Trout 9 Pro,Baseball Cleats,baseball,fb777e00-c430-4b6d-aa1b-3650e0801022
1c6b7f45-92b9-5089-a433-88f4e9e9e3035cb777b1-d1f7-5041-a364-cc7f64059e47,Nike Force Zoom Trout 9 Pro,Baseball Cleats,baseball,fb777e00-c430-4b6d-aa1b-3650e0801022
1c6b7f45-92b9-5089-a433-88f4e9e9e303309f1813-991c-517a-985d-418c89e780be,Nike Force Zoom Trout 9 Pro,Baseball Cleats,baseball,fb777e00-c430-4b6d-aa1b-3650e0801022
1c6b7f45-92b9-5089-a433-88f4e9e9e303a23784c0-d22c-5903-8206-cfbe014dbf8f,Nike Force Zoom Trout 9 Pro,Baseball Cleats,baseball,fb777e00-c430-4b6d-aa1b-3650e0801022
1c6b7f45-92b9-5089-a433-88f4e9e9e303440a9c76-096d-529f-9089-cc260e8a82ac,Nike Force Zoom Trout 9 Pro,Baseball Cleats,baseball,fb777e00-c430-4b6d-aa1b-3650e0801022
1c6b7f45-92b9-5089-a433-88f4e9e9e303b9ed7281-8896-5d60-840b-f3ec516977e5,Nike Force Zoom Trout 9 Pro,Baseball Cleats,baseball,fb777e00-c430-4b6d-aa1b-3650e0801022
12d0b1c0-6fab-5bf1-9476-e788487c78cd12d0b1c0-6fab-5bf1-9476-e788487c78cd,Nike Air Zoom Diamond Elite Turf,Men's Baseball Shoes,baseball,abebf94f-aad8-4437-9a80-7c20abb8c688
12d0b1c0-6fab-5bf1-9476-e788487c78cd3431c6cb-49ad-584f-b4be-32bcf021e26c,Nike Air Zoom Diamond Elite Turf,Men's Baseball Shoes,baseball,abebf94f-aad8-4437-9a80-7c20abb8c688
12d0b1c0-6fab-5bf1-9476-e788487c78cd4d44b108-2703-5d4b-8a7e-db91f17fc2d4,Nike Air Zoom Diamond Elite Turf,Men's Baseball Shoes,baseball,abebf94f-aad8-4437-9a80-7c20abb8c688
12d0b1c0-6fab-5bf1-9476-e788487c78cda18e99fe-1397-5648-85fb-58c079b0d3ef,Nike Air Zoom Diamond Elite Turf,Men's Baseball Shoes,baseball,abebf94f-aad8-4437-9a80-7c20abb8c688
12d0b1c0-6fab-5bf1-9476-e788487c78cd5fbac7e5-cf76-5e5a-9b5d-e827701e3f60,Nike Air Zoom Diamond Elite Turf,Men's Baseball Shoes,baseball,abebf94f-aad8-4437-9a80-7c20abb8c688
12d0b1c0-6fab-5bf1-9476-e788487c78cd79731f6f-bc2f-5d9a-98c3-68ee0d57c768,Nike Air Zoom Diamond Elite Turf,Men's Baseball Shoes,baseball,abebf94f-aad8-4437-9a80-7c20abb8c688
849fff05-736c-5ec8-8c02-d87a3687ed77849fff05-736c-5ec8-8c02-d87a3687ed77,Nike Superfly 9 Elite Mercurial Dream Speed,FG High-Top Soccer Cleats,soccer,08eb72e5-adea-417c-9b88-0e34eaf5e5b8
849fff05-736c-5ec8-8c02-d87a3687ed77b64d08e0-c90f-56d9-9f5b-85c57bd2015b,Nike Superfly 9 Elite Mercurial Dream Speed,FG High-Top Soccer Cleats,soccer,08eb72e5-adea-417c-9b88-0e34eaf5e5b8
849fff05-736c-5ec8-8c02-d87a3687ed771b086c55-ad73-5f11-ba4a-8d05e7d1659d,Nike Superfly 9 Elite Mercurial Dream Speed,FG High-Top Soccer Cleats,soccer,08eb72e5-adea-417c-9b88-0e34eaf5e5b8
849fff05-736c-5ec8-8c02-d87a3687ed77aa6b44a9-7f6f-51ec-9762-638002c00660,Nike Superfly 9 Elite Mercurial Dream Speed,FG High-Top Soccer Cleats,soccer,08eb72e5-adea-417c-9b88-0e34eaf5e5b8
849fff05-736c-5ec8-8c02-d87a3687ed77130ed836-27d6-5cae-9b06-b4aef7227d84,Nike Superfly 9 Elite Mercurial Dream Speed,FG High-Top Soccer Cleats,soccer,08eb72e5-adea-417c-9b88-0e34eaf5e5b8
849fff05-736c-5ec8-8c02-d87a3687ed77fa551f8b-8f13-53d1-b080-b7992e2cea43,Nike Superfly 9 Elite Mercurial Dream Speed,FG High-Top Soccer Cleats,soccer,08eb72e5-adea-417c-9b88-0e34eaf5e5b8
9cbe6c14-4024-5bd6-93ea-64f11668a35e9cbe6c14-4024-5bd6-93ea-64f11668a35e,Nike Vapor 15 Elite Mercurial Dream Speed,FG Low-Top Soccer Cleats,soccer,75d11caa-3349-4f27-8bb8-f3f0fa6a83d5
9cbe6c14-4024-5bd6-93ea-64f11668a35e68cae7dd-c687-5fb7-9493-2bd065cbf76b,Nike Vapor 15 Elite Mercurial Dream Speed,FG Low-Top Soccer Cleats,soccer,75d11caa-3349-4f27-8bb8-f3f0fa6a83d5
9cbe6c14-4024-5bd6-93ea-64f11668a35e31ab8936-1cf4-500e-a902-05ad2b93a007,Nike Vapor 15 Elite Mercurial Dream Speed,FG Low-Top Soccer Cleats,soccer,75d11caa-3349-4f27-8bb8-f3f0fa6a83d5
9cbe6c14-4024-5bd6-93ea-64f11668a35e49ee6ce5-86e6-5bff-a98a-e28a34ccf1ea,Nike Vapor 15 Elite Mercurial Dream Speed,FG Low-Top Soccer Cleats,soccer,75d11caa-3349-4f27-8bb8-f3f0fa6a83d5
9cbe6c14-4024-5bd6-93ea-64f11668a35e23bd61f6-8c6f-53b0-98d4-914f8ea0d645,Nike Vapor 15 Elite Mercurial Dream Speed,FG Low-Top Soccer Cleats,soccer,75d11caa-3349-4f27-8bb8-f3f0fa6a83d5
9cbe6c14-4024-5bd6-93ea-64f11668a35e4c6fc0ae-2d47-55ee-86a7-a83d19081120,Nike Vapor 15 Elite Mercurial Dream Speed,FG Low-Top Soccer Cleats,soccer,75d11caa-3349-4f27-8bb8-f3f0fa6a83d5
9cbe6c14-4024-5bd6-93ea-64f11668a35e80ea53a4-fef9-5b55-b448-fc5dafe96f37,Nike Vapor 15 Elite Mercurial Dream Speed,FG Low-Top Soccer Cleats,soccer,75d11caa-3349-4f27-8bb8-f3f0fa6a83d5
9cbe6c14-4024-5bd6-93ea-64f11668a35e4b97364b-68c1-511b-becf-0538a459d46d,Nike Vapor 15 Elite Mercurial Dream Speed,FG Low-Top Soccer Cleats,soccer,75d11caa-3349-4f27-8bb8-f3f0fa6a83d5
07b2ddbb-09f2-595a-9c50-d441974e203507b2ddbb-09f2-595a-9c50-d441974e2035,Nike Superfly 9 Elite Mercurial Dream Speed,AG-Pro High-Top Soccer Cleats,soccer,93adc7fd-a720-4947-a1a6-0883dd3ba580
07b2ddbb-09f2-595a-9c50-d441974e20357ab550fb-bd66-55d4-a316-7fcae7ad0bc5,Nike Superfly 9 Elite Mercurial Dream Speed,AG-Pro High-Top Soccer Cleats,soccer,93adc7fd-a720-4947-a1a6-0883dd3ba580
67017bd2-12a0-59d3-8d58-7d12541c142767017bd2-12a0-59d3-8d58-7d12541c1427,Nike Vapor 15 Elite Mercurial Dream Speed,AG-Pro Low-Top Soccer Cleats,soccer,02ae9bbf-444f-4fc4-9bb9-cb55e62acbcd
67017bd2-12a0-59d3-8d58-7d12541c142764c695e3-9074-586d-bb74-5d41c284ac12,Nike Vapor 15 Elite Mercurial Dream Speed,AG-Pro Low-Top Soccer Cleats,soccer,02ae9bbf-444f-4fc4-9bb9-cb55e62acbcd
67017bd2-12a0-59d3-8d58-7d12541c1427fe5404fc-06cd-5e20-b15b-ad95d8bd2f56,Nike Vapor 15 Elite Mercurial Dream Speed,AG-Pro Low-Top Soccer Cleats,soccer,02ae9bbf-444f-4fc4-9bb9-cb55e62acbcd
932e6807-9240-50d3-8fe2-4df628b23d9f932e6807-9240-50d3-8fe2-4df628b23d9f,"""Nike Jr. Mercurial Superfly 9 Pro """"Marcus Rashford""""""",Little/Big Kids' Firm-Ground Soccer Cleats,soccer,1c8d00cf-02e2-4eb7-8c18-704e712e3fd5
6b2d4bec-bdb3-55f0-89f8-94e0913c5e036b2d4bec-bdb3-55f0-89f8-94e0913c5e03,Nike Tiempo Legend 10 Elite,Firm-Ground Low-Top Soccer Cleats,soccer,93389ba5-3833-4fac-b6de-e3fda9677821
6b2d4bec-bdb3-55f0-89f8-94e0913c5e031837e9d9-876d-5421-a2f5-d168e7b012c2,Nike Tiempo Legend 10 Elite,Firm-Ground Low-Top Soccer Cleats,soccer,93389ba5-3833-4fac-b6de-e3fda9677821
6b2d4bec-bdb3-55f0-89f8-94e0913c5e03101c74bc-4a2a-5f86-a9db-300fb7e8e0ab,Nike Tiempo Legend 10 Elite,Firm-Ground Low-Top Soccer Cleats,soccer,93389ba5-3833-4fac-b6de-e3fda9677821
e2579df1-4986-5d38-b3f2-bed19ee3594ce2579df1-4986-5d38-b3f2-bed19ee3594c,Nike Tiempo Legend 10 Elite,Artificial-Grass Soccer Cleats,soccer,2ce5cc80-6722-4bb7-a0f5-6a6eb507c9d7
e2579df1-4986-5d38-b3f2-bed19ee3594cd039078b-9929-5d83-806e-6401167701dd,Nike Tiempo Legend 10 Elite,Artificial-Grass Soccer Cleats,soccer,2ce5cc80-6722-4bb7-a0f5-6a6eb507c9d7
9887e4a4-2f7e-54a5-b308-8f9bf022d42f9887e4a4-2f7e-54a5-b308-8f9bf022d42f,Nike Phantom Luna Elite,Firm-Ground High-Top Soccer Cleats,soccer,e13d521e-4b52-4273-91e0-c6d7686021a6
9887e4a4-2f7e-54a5-b308-8f9bf022d42f9a0e818f-798d-5c3b-b11c-a41dfd45dcb6,Nike Phantom Luna Elite,Firm-Ground High-Top Soccer Cleats,soccer,e13d521e-4b52-4273-91e0-c6d7686021a6
97ce3532-14fe-5e98-8596-2143987a1c7997ce3532-14fe-5e98-8596-2143987a1c79,Nike Phantom Luna,Firm-Ground High-Top Soccer Cleats,soccer,cb4e7470-8317-485d-ab8d-b9a89ee68969
97ce3532-14fe-5e98-8596-2143987a1c79be44aae5-a13a-528c-b051-7a4da383224c,Nike Phantom Luna,Firm-Ground High-Top Soccer Cleats,soccer,cb4e7470-8317-485d-ab8d-b9a89ee68969
807d4414-c9d7-5358-8c29-b3e80eada34c807d4414-c9d7-5358-8c29-b3e80eada34c,Nike Phantom GX Elite,Firm-Ground High-Top Soccer Cleats,soccer,85a9709f-551a-470a-bb81-5c143ea7434a
807d4414-c9d7-5358-8c29-b3e80eada34cebbfb0c9-328a-5e2c-8ef3-d00b0ac172c7,Nike Phantom GX Elite,Firm-Ground High-Top Soccer Cleats,soccer,85a9709f-551a-470a-bb81-5c143ea7434a
807d4414-c9d7-5358-8c29-b3e80eada34c5de2cb01-bae1-54b5-94db-bb0213891633,Nike Phantom GX Elite,Firm-Ground High-Top Soccer Cleats,soccer,85a9709f-551a-470a-bb81-5c143ea7434a
807d4414-c9d7-5358-8c29-b3e80eada34c265cddda-1514-5cce-8a59-0bfacb9316a9,Nike Phantom GX Elite,Firm-Ground High-Top Soccer Cleats,soccer,85a9709f-551a-470a-bb81-5c143ea7434a
a4cbac0f-1a3b-573c-a026-a45a2a14daf6a4cbac0f-1a3b-573c-a026-a45a2a14daf6,Nike Phantom GX Elite,Firm-Ground Low-Top Soccer Cleat,soccer,d4a246fd-e6d5-4892-87ac-34987c528aa0
a4cbac0f-1a3b-573c-a026-a45a2a14daf697cf6294-3238-53ec-a01f-8bdd6c218058,Nike Phantom GX Elite,Firm-Ground Low-Top Soccer Cleat,soccer,d4a246fd-e6d5-4892-87ac-34987c528aa0
a4cbac0f-1a3b-573c-a026-a45a2a14daf613eb1318-84fd-557b-a933-edf28bacef10,Nike Phantom GX Elite,Firm-Ground Low-Top Soccer Cleat,soccer,d4a246fd-e6d5-4892-87ac-34987c528aa0
a4cbac0f-1a3b-573c-a026-a45a2a14daf6a216fd89-5e6a-59fc-9948-42cff0909cae,Nike Phantom GX Elite,Firm-Ground Low-Top Soccer Cleat,soccer,d4a246fd-e6d5-4892-87ac-34987c528aa0
3db1e2b4-4042-5c54-a30b-be266eeae0983db1e2b4-4042-5c54-a30b-be266eeae098,Nike Free Metcon 5,Men's Workout Shoes,hiit,1436e772-1af8-4c3d-bffb-dc4184695ac1
3db1e2b4-4042-5c54-a30b-be266eeae098d460bb91-3c98-5f9b-a885-70b4dad840a0,Nike Free Metcon 5,Men's Workout Shoes,hiit,1436e772-1af8-4c3d-bffb-dc4184695ac1
3db1e2b4-4042-5c54-a30b-be266eeae09815497587-71cd-50cf-8eba-bbbf79b301f8,Nike Free Metcon 5,Men's Workout Shoes,hiit,1436e772-1af8-4c3d-bffb-dc4184695ac1
3db1e2b4-4042-5c54-a30b-be266eeae098ce42910b-ef1f-59e9-a52c-f06c9441e4c6,Nike Free Metcon 5,Men's Workout Shoes,hiit,1436e772-1af8-4c3d-bffb-dc4184695ac1
3db1e2b4-4042-5c54-a30b-be266eeae0983fda1efe-936a-5b1c-9303-71b882f595d7,Nike Free Metcon 5,Men's Workout Shoes,hiit,1436e772-1af8-4c3d-bffb-dc4184695ac1
d77bd282-c20b-53d7-8cd3-8a113b57a3cdd77bd282-c20b-53d7-8cd3-8a113b57a3cd,Nike Zoom Metcon Turbo 2,Men's Workout Shoes,hiit,8d466ac7-6a0c-4139-bd2c-80719bc217f0
d77bd282-c20b-53d7-8cd3-8a113b57a3cde6769933-5384-5ace-9bdf-ac92ac438e11,Nike Zoom Metcon Turbo 2,Men's Workout Shoes,hiit,8d466ac7-6a0c-4139-bd2c-80719bc217f0
d77bd282-c20b-53d7-8cd3-8a113b57a3cd461315ec-ae81-5515-9df0-c83481f5f216,Nike Zoom Metcon Turbo 2,Men's Workout Shoes,hiit,8d466ac7-6a0c-4139-bd2c-80719bc217f0
d77bd282-c20b-53d7-8cd3-8a113b57a3cd2e348970-ad4a-5fee-9e11-0f40be821c94,Nike Zoom Metcon Turbo 2,Men's Workout Shoes,hiit,8d466ac7-6a0c-4139-bd2c-80719bc217f0
d77bd282-c20b-53d7-8cd3-8a113b57a3cd222a38be-d31b-58b6-b1c3-86cc80c85e56,Nike Zoom Metcon Turbo 2,Men's Workout Shoes,hiit,8d466ac7-6a0c-4139-bd2c-80719bc217f0
d77bd282-c20b-53d7-8cd3-8a113b57a3cdaefc3eaa-318e-55a2-a547-7cc7d19d6197,Nike Zoom Metcon Turbo 2,Men's Workout Shoes,hiit,8d466ac7-6a0c-4139-bd2c-80719bc217f0
d77bd282-c20b-53d7-8cd3-8a113b57a3cddcea5ad3-da6a-548d-a7d3-a1003d63d2fc,Nike Zoom Metcon Turbo 2,Men's Workout Shoes,hiit,8d466ac7-6a0c-4139-bd2c-80719bc217f0
d1020795-95a8-5f73-9ec4-f632ca84e55cd1020795-95a8-5f73-9ec4-f632ca84e55c,Nike Free Metcon 4,Women's Workout Shoes,hiit,8406832d-d0fc-332a-bca8-3c2050529b77
d1020795-95a8-5f73-9ec4-f632ca84e55c462f69cb-66c4-5ef8-b50c-3d4724d087ca,Nike Free Metcon 4,Women's Workout Shoes,hiit,8406832d-d0fc-332a-bca8-3c2050529b77
d1020795-95a8-5f73-9ec4-f632ca84e55c0e9ecac2-281b-510c-b098-dc5cf5ba997b,Nike Free Metcon 4,Women's Workout Shoes,hiit,8406832d-d0fc-332a-bca8-3c2050529b77
d1020795-95a8-5f73-9ec4-f632ca84e55ce4006546-7394-59f8-83d4-12b91ec7eb31,Nike Free Metcon 4,Women's Workout Shoes,hiit,8406832d-d0fc-332a-bca8-3c2050529b77
d9fa37a0-3061-5bef-8af8-86f76cb2bdf3d9fa37a0-3061-5bef-8af8-86f76cb2bdf3,Nike SuperRep Go 3 Flyknit Next Nature,Women's Workout Shoes,hiit,6ecb146d-4a3f-4a01-9eaa-afdc47974c21
d9fa37a0-3061-5bef-8af8-86f76cb2bdf38b9b0fa7-8b06-57b4-8720-0c577b3d4cc1,Nike SuperRep Go 3 Flyknit Next Nature,Women's Workout Shoes,hiit,6ecb146d-4a3f-4a01-9eaa-afdc47974c21
d9fa37a0-3061-5bef-8af8-86f76cb2bdf36ba67ff4-9a8e-5fdc-924c-de9c6e92366f,Nike SuperRep Go 3 Flyknit Next Nature,Women's Workout Shoes,hiit,6ecb146d-4a3f-4a01-9eaa-afdc47974c21
d9fa37a0-3061-5bef-8af8-86f76cb2bdf37c4a8289-7b0f-5579-970f-013f45f405df,Nike SuperRep Go 3 Flyknit Next Nature,Women's Workout Shoes,hiit,6ecb146d-4a3f-4a01-9eaa-afdc47974c21
f803062c-b619-5a7e-addb-756ad0ae59e9f803062c-b619-5a7e-addb-756ad0ae59e9,Nike Legend Essential 2,Women's Workout Shoes,hiit,fac0c6dc-60c4-3ca4-9f53-a60308cb1528
f803062c-b619-5a7e-addb-756ad0ae59e948424a4c-6c60-5361-afe2-8aff6469d652,Nike Legend Essential 2,Women's Workout Shoes,hiit,fac0c6dc-60c4-3ca4-9f53-a60308cb1528
f803062c-b619-5a7e-addb-756ad0ae59e9090d3562-7c07-505a-945f-c473e9d62448,Nike Legend Essential 2,Women's Workout Shoes,hiit,fac0c6dc-60c4-3ca4-9f53-a60308cb1528
f803062c-b619-5a7e-addb-756ad0ae59e9fe0b53a1-ceb4-5421-bb8b-bd754a401612,Nike Legend Essential 2,Women's Workout Shoes,hiit,fac0c6dc-60c4-3ca4-9f53-a60308cb1528
f803062c-b619-5a7e-addb-756ad0ae59e91b81e152-2314-5e5a-87c6-f17e608a4a6c,Nike Legend Essential 2,Women's Workout Shoes,hiit,fac0c6dc-60c4-3ca4-9f53-a60308cb1528
f803062c-b619-5a7e-addb-756ad0ae59e997f65264-7039-51e3-8747-d0cc9630db67,Nike Legend Essential 2,Women's Workout Shoes,hiit,fac0c6dc-60c4-3ca4-9f53-a60308cb1528
35c82d0a-aae9-5bd3-9f92-811fc9f1822735c82d0a-aae9-5bd3-9f92-811fc9f18227,Nike Flex Control 4,Men's Workout Shoes,hiit,c4d8291f-2480-3a2d-a1a2-127e5addd148
35c82d0a-aae9-5bd3-9f92-811fc9f18227ec3c39df-06ea-5cf0-aa45-f776888ab794,Nike Flex Control 4,Men's Workout Shoes,hiit,c4d8291f-2480-3a2d-a1a2-127e5addd148
35c82d0a-aae9-5bd3-9f92-811fc9f182277e4c1be0-88ec-5bd2-9f59-cff6cb62b6ea,Nike Flex Control 4,Men's Workout Shoes,hiit,c4d8291f-2480-3a2d-a1a2-127e5addd148
35c82d0a-aae9-5bd3-9f92-811fc9f1822745b64f1d-d63e-5850-b8c4-47c8ec09ddca,Nike Flex Control 4,Men's Workout Shoes,hiit,c4d8291f-2480-3a2d-a1a2-127e5addd148
1a631144-6da7-50df-b57a-5d73ac4090c01a631144-6da7-50df-b57a-5d73ac4090c0,Nike SuperRep Go 3 Next Nature Flyknit,Men's Workout Shoes,hiit,9a5b486b-c8f3-4316-8d7f-c26f4742dde4
1a631144-6da7-50df-b57a-5d73ac4090c0b0097553-185d-5401-8138-f50ca09dc0f4,Nike SuperRep Go 3 Next Nature Flyknit,Men's Workout Shoes,hiit,9a5b486b-c8f3-4316-8d7f-c26f4742dde4
1a631144-6da7-50df-b57a-5d73ac4090c0656fd0a9-af26-58b2-ab22-1b37a9e547c1,Nike SuperRep Go 3 Next Nature Flyknit,Men's Workout Shoes,hiit,9a5b486b-c8f3-4316-8d7f-c26f4742dde4
1a631144-6da7-50df-b57a-5d73ac4090c00205eb9e-af19-5103-88e5-e78395641b97,Nike SuperRep Go 3 Next Nature Flyknit,Men's Workout Shoes,hiit,9a5b486b-c8f3-4316-8d7f-c26f4742dde4
1a631144-6da7-50df-b57a-5d73ac4090c074f55179-8e49-5db5-afb5-9365722760de,Nike SuperRep Go 3 Next Nature Flyknit,Men's Workout Shoes,hiit,9a5b486b-c8f3-4316-8d7f-c26f4742dde4
bd1cd8a4-a845-5a82-adba-1955716cab53bd1cd8a4-a845-5a82-adba-1955716cab53,Nike In-Season TR 13,Men's Workout Shoes,hiit,9b71a3df-5ef1-4726-9d8a-514c0fd090eb
bd1cd8a4-a845-5a82-adba-1955716cab531a8e30da-9e0b-5b57-b1db-9ee53b98a1b1,Nike In-Season TR 13,Men's Workout Shoes,hiit,9b71a3df-5ef1-4726-9d8a-514c0fd090eb
bd1cd8a4-a845-5a82-adba-1955716cab5350b0584e-b87d-5d7d-b357-d37370f770de,Nike In-Season TR 13,Men's Workout Shoes,hiit,9b71a3df-5ef1-4726-9d8a-514c0fd090eb
bd1cd8a4-a845-5a82-adba-1955716cab53fc54c182-7a61-595d-b097-9d469941640b,Nike In-Season TR 13,Men's Workout Shoes,hiit,9b71a3df-5ef1-4726-9d8a-514c0fd090eb
bd1cd8a4-a845-5a82-adba-1955716cab5302d802da-c92d-5e28-b8d8-2b428135226f,Nike In-Season TR 13,Men's Workout Shoes,hiit,9b71a3df-5ef1-4726-9d8a-514c0fd090eb
bd1cd8a4-a845-5a82-adba-1955716cab53bbe94241-39ff-5984-967c-ba92ae136f76,Nike In-Season TR 13,Men's Workout Shoes,hiit,9b71a3df-5ef1-4726-9d8a-514c0fd090eb
bd1cd8a4-a845-5a82-adba-1955716cab53dfee0183-001c-56a3-9982-275cb451b462,Nike In-Season TR 13,Men's Workout Shoes,hiit,9b71a3df-5ef1-4726-9d8a-514c0fd090eb
bd1cd8a4-a845-5a82-adba-1955716cab53a9cd8eca-329c-5d67-a34f-cd3c54ccf17c,Nike In-Season TR 13,Men's Workout Shoes,hiit,9b71a3df-5ef1-4726-9d8a-514c0fd090eb
f305b0c1-f679-5ded-ba24-1f8bc3e2e12bf305b0c1-f679-5ded-ba24-1f8bc3e2e12b,Nike Renew In-Season TR 11,Women's Workout Shoes,hiit,f8dc608f-31c2-3684-9970-3fc2b044e659
9781b33a-cccc-52a7-bec4-1b7421729ea59781b33a-cccc-52a7-bec4-1b7421729ea5,Nike React HyperSet,Indoor Court Shoes,volleyball,5c8153c5-80d3-321f-aa25-fc4878b25aee
9781b33a-cccc-52a7-bec4-1b7421729ea5a7e083f2-11d7-5f74-8e4b-34c84deb299f,Nike React HyperSet,Indoor Court Shoes,volleyball,5c8153c5-80d3-321f-aa25-fc4878b25aee
9781b33a-cccc-52a7-bec4-1b7421729ea52aabe2f9-a1d5-5cfc-a530-4d234c0cfcd6,Nike React HyperSet,Indoor Court Shoes,volleyball,5c8153c5-80d3-321f-aa25-fc4878b25aee
9781b33a-cccc-52a7-bec4-1b7421729ea5776f9115-fa33-5cdb-a5fa-0e6386957a08,Nike React HyperSet,Indoor Court Shoes,volleyball,5c8153c5-80d3-321f-aa25-fc4878b25aee
ae528c0d-f49c-548b-956a-f8493961e0bcae528c0d-f49c-548b-956a-f8493961e0bc,Nike HyperSpeed Court,Volleyball Shoes,volleyball,a243b689-18ce-3c4f-9ded-495dbbff2a54
ae528c0d-f49c-548b-956a-f8493961e0bc11e0de87-c5f6-51d0-9760-ba30a04d3e4f,Nike HyperSpeed Court,Volleyball Shoes,volleyball,a243b689-18ce-3c4f-9ded-495dbbff2a54
ae528c0d-f49c-548b-956a-f8493961e0bcd3d13bd0-8a63-5a47-ab42-94d19ff3d4ae,Nike HyperSpeed Court,Volleyball Shoes,volleyball,a243b689-18ce-3c4f-9ded-495dbbff2a54
9a72b34c-5412-5404-b18a-9b96c5a208199a72b34c-5412-5404-b18a-9b96c5a20819,Nike React HyperSet LE,Indoor Court Shoes,volleyball,7b39f592-1805-48ab-b580-22bb2a330086
e668ec61-87ae-540d-9f30-023a30bc5258e668ec61-87ae-540d-9f30-023a30bc5258,Nike Air Zoom HyperAce 2 SE,Volleyball Shoes,volleyball,99dbe872-789a-4453-90d3-34e6a4c36ee4
e668ec61-87ae-540d-9f30-023a30bc5258ed871008-d4d0-569c-b085-73a17f30be12,Nike Air Zoom HyperAce 2 SE,Volleyball Shoes,volleyball,99dbe872-789a-4453-90d3-34e6a4c36ee4
84f3433a-4290-5b9c-b469-4e7b4b41b0b184f3433a-4290-5b9c-b469-4e7b4b41b0b1,Nike Zoom HyperAce 2,Women's Volleyball Shoe,volleyball,83cf5e53-1a08-3201-9859-3c4d9222d914
84f3433a-4290-5b9c-b469-4e7b4b41b0b1edadf12f-c494-5b8f-801f-91aae8543bfa,Nike Zoom HyperAce 2,Women's Volleyball Shoe,volleyball,83cf5e53-1a08-3201-9859-3c4d9222d914
84f3433a-4290-5b9c-b469-4e7b4b41b0b15916654e-7573-5e94-adf7-820736a551f3,Nike Zoom HyperAce 2,Women's Volleyball Shoe,volleyball,83cf5e53-1a08-3201-9859-3c4d9222d914
84f3433a-4290-5b9c-b469-4e7b4b41b0b179d30f33-7f40-5e94-8396-221ba4035fd9,Nike Zoom HyperAce 2,Women's Volleyball Shoe,volleyball,83cf5e53-1a08-3201-9859-3c4d9222d914
f3066f61-7113-550b-b7c4-f1e4efec785ff3066f61-7113-550b-b7c4-f1e4efec785f,Giannis Immortality 2,Basketball Shoes,volleyball,f6d88c1b-3ca8-464c-a9ff-bd0a2fa296cc
f3066f61-7113-550b-b7c4-f1e4efec785fb6615713-05a6-5596-8fe1-6cf0e40845a1,Giannis Immortality 2,Basketball Shoes,volleyball,f6d88c1b-3ca8-464c-a9ff-bd0a2fa296cc
f3066f61-7113-550b-b7c4-f1e4efec785fbc7c376e-7013-594b-88ec-2023e066ef93,Giannis Immortality 2,Basketball Shoes,volleyball,f6d88c1b-3ca8-464c-a9ff-bd0a2fa296cc
f3066f61-7113-550b-b7c4-f1e4efec785fc50d115e-6caf-5398-8a9c-dfac2484c7c5,Giannis Immortality 2,Basketball Shoes,volleyball,f6d88c1b-3ca8-464c-a9ff-bd0a2fa296cc
f3066f61-7113-550b-b7c4-f1e4efec785f003a4127-b44e-524c-ab03-570053dc1ea9,Giannis Immortality 2,Basketball Shoes,volleyball,f6d88c1b-3ca8-464c-a9ff-bd0a2fa296cc
30694dee-8fb4-5e23-a8be-02dc261bc7b030694dee-8fb4-5e23-a8be-02dc261bc7b0,Nike Air Force 1 '07,Men's Shoes,lifestyle,fecf1975-b4ba-307c-8747-8aa654924118
30694dee-8fb4-5e23-a8be-02dc261bc7b0c1654b99-6e21-58e7-a565-4f198f386a86,Nike Air Force 1 '07,Men's Shoes,lifestyle,fecf1975-b4ba-307c-8747-8aa654924118
30694dee-8fb4-5e23-a8be-02dc261bc7b09ddb5691-5264-5682-91b4-d4f0629a1c73,Nike Air Force 1 '07,Men's Shoes,lifestyle,fecf1975-b4ba-307c-8747-8aa654924118
30694dee-8fb4-5e23-a8be-02dc261bc7b0599c0c36-baed-5eef-9135-60a4707d699a,Nike Air Force 1 '07,Men's Shoes,lifestyle,fecf1975-b4ba-307c-8747-8aa654924118
3a38bc58-a1ad-56ca-82e8-d3467f7ebf2a3a38bc58-a1ad-56ca-82e8-d3467f7ebf2a,Nike P-6000,Shoes,lifestyle,02370a85-0ecc-3681-84ae-30b7f908a42e
3a38bc58-a1ad-56ca-82e8-d3467f7ebf2aa1c8f005-7e65-5ee0-9cbd-03d73a33fe78,Nike P-6000,Shoes,lifestyle,02370a85-0ecc-3681-84ae-30b7f908a42e
3a38bc58-a1ad-56ca-82e8-d3467f7ebf2a3075275d-1b4c-59c4-b05c-d86bab224b46,Nike P-6000,Shoes,lifestyle,02370a85-0ecc-3681-84ae-30b7f908a42e
3a38bc58-a1ad-56ca-82e8-d3467f7ebf2acd0c898f-f1a9-56f2-b8c9-b65a48695c27,Nike P-6000,Shoes,lifestyle,02370a85-0ecc-3681-84ae-30b7f908a42e
3a38bc58-a1ad-56ca-82e8-d3467f7ebf2a87b66b86-d731-5c47-8ff5-fc8e2a44de8d,Nike P-6000,Shoes,lifestyle,02370a85-0ecc-3681-84ae-30b7f908a42e
6e8eddfb-ae7c-5a6f-a4c9-47f8077323546e8eddfb-ae7c-5a6f-a4c9-47f807732354,Nike Dunk Low,Big Kids' Shoes,lifestyle,b2321b9a-1bd1-4556-85ea-ac32421bb3d1
a77c562f-c9cf-5edf-9beb-f497dd74d252a77c562f-c9cf-5edf-9beb-f497dd74d252,Nike Air Force 1 LE,Big Kids' Shoes,lifestyle,0028046b-13bc-3c6f-962c-1588c1b7938f
a77c562f-c9cf-5edf-9beb-f497dd74d252b9f8481c-951e-58d0-93d2-39f35aa81bc2,Nike Air Force 1 LE,Big Kids' Shoes,lifestyle,0028046b-13bc-3c6f-962c-1588c1b7938f
60da41ee-4a08-563d-bf9c-ea31e3267f5960da41ee-4a08-563d-bf9c-ea31e3267f59,Nike Dunk Low,Women's Shoes,lifestyle,25629f9a-bdd9-4142-9309-198d121f6e87
4b5987ca-b7df-585a-88c9-a6478c64daf14b5987ca-b7df-585a-88c9-a6478c64daf1,Nike Gamma Force,Shoes,lifestyle,d18cb52a-f4c8-4f01-a589-4bd04cbe77d4
4b5987ca-b7df-585a-88c9-a6478c64daf1e9d63835-de50-57bf-97a2-6022a8094a35,Nike Gamma Force,Shoes,lifestyle,d18cb52a-f4c8-4f01-a589-4bd04cbe77d4
4b5987ca-b7df-585a-88c9-a6478c64daf10aa93009-0a4b-5c17-b4aa-60872a4b4038,Nike Gamma Force,Shoes,lifestyle,d18cb52a-f4c8-4f01-a589-4bd04cbe77d4
4b5987ca-b7df-585a-88c9-a6478c64daf14fdc9f52-8a48-5b5c-9cbf-e98522d407b2,Nike Gamma Force,Shoes,lifestyle,d18cb52a-f4c8-4f01-a589-4bd04cbe77d4
4b5987ca-b7df-585a-88c9-a6478c64daf1a4adcf59-399f-5989-97da-3346a6896e95,Nike Gamma Force,Shoes,lifestyle,d18cb52a-f4c8-4f01-a589-4bd04cbe77d4
4b5987ca-b7df-585a-88c9-a6478c64daf10c6163bb-9d4c-57ed-8926-127420447a39,Nike Gamma Force,Shoes,lifestyle,d18cb52a-f4c8-4f01-a589-4bd04cbe77d4
4b5987ca-b7df-585a-88c9-a6478c64daf1322f736b-7c93-506c-962b-da3a76d5bd35,Nike Gamma Force,Shoes,lifestyle,d18cb52a-f4c8-4f01-a589-4bd04cbe77d4
4b5987ca-b7df-585a-88c9-a6478c64daf1e4990967-436b-583b-bba5-75f642c0eddb,Nike Gamma Force,Shoes,lifestyle,d18cb52a-f4c8-4f01-a589-4bd04cbe77d4
4b5987ca-b7df-585a-88c9-a6478c64daf145589e27-95c0-531a-ad22-b6740b92d674,Nike Gamma Force,Shoes,lifestyle,d18cb52a-f4c8-4f01-a589-4bd04cbe77d4
1a6db967-131f-5b26-b50d-94de08129be91a6db967-131f-5b26-b50d-94de08129be9,Nike Air Max SC SE,Women's Shoes,lifestyle,2326a9c5-e7ae-41c6-9799-0124fcf36504
1a6db967-131f-5b26-b50d-94de08129be9267782af-1d80-52d1-a1a2-8b233b2111a6,Nike Air Max SC SE,Women's Shoes,lifestyle,2326a9c5-e7ae-41c6-9799-0124fcf36504
1a6db967-131f-5b26-b50d-94de08129be9764c40ba-2e31-57f1-bc27-cf51ca0cb752,Nike Air Max SC SE,Women's Shoes,lifestyle,2326a9c5-e7ae-41c6-9799-0124fcf36504
1a6db967-131f-5b26-b50d-94de08129be966a15a65-0fe6-5ceb-b901-3951d99fe5e7,Nike Air Max SC SE,Women's Shoes,lifestyle,2326a9c5-e7ae-41c6-9799-0124fcf36504
1a6db967-131f-5b26-b50d-94de08129be9dcc093a4-40d8-5a54-bc0a-69ee0b1c3cba,Nike Air Max SC SE,Women's Shoes,lifestyle,2326a9c5-e7ae-41c6-9799-0124fcf36504
1a6db967-131f-5b26-b50d-94de08129be9486d9cd1-9d6d-5500-8af2-c10e57577227,Nike Air Max SC SE,Women's Shoes,lifestyle,2326a9c5-e7ae-41c6-9799-0124fcf36504
1a6db967-131f-5b26-b50d-94de08129be96a63e782-d6e3-5d5f-b85f-5e88e6ee62a4,Nike Air Max SC SE,Women's Shoes,lifestyle,2326a9c5-e7ae-41c6-9799-0124fcf36504
1a6db967-131f-5b26-b50d-94de08129be948be6ddf-ae0c-52ff-babf-b7c8c96c035f,Nike Air Max SC SE,Women's Shoes,lifestyle,2326a9c5-e7ae-41c6-9799-0124fcf36504
1a6db967-131f-5b26-b50d-94de08129be90301bc7b-602e-5a3d-9812-8e6a5b4c700a,Nike Air Max SC SE,Women's Shoes,lifestyle,2326a9c5-e7ae-41c6-9799-0124fcf36504
1a6db967-131f-5b26-b50d-94de08129be959d7f5c0-ba21-51a8-a6b2-3a6e3c7effc2,Nike Air Max SC SE,Women's Shoes,lifestyle,2326a9c5-e7ae-41c6-9799-0124fcf36504
1a6db967-131f-5b26-b50d-94de08129be989b430f8-694a-5bbf-94bb-eb1e05fbcb82,Nike Air Max SC SE,Women's Shoes,lifestyle,2326a9c5-e7ae-41c6-9799-0124fcf36504
1a6db967-131f-5b26-b50d-94de08129be9303e7f57-c61c-5593-9d1b-6efa4c5292cc,Nike Air Max SC SE,Women's Shoes,lifestyle,2326a9c5-e7ae-41c6-9799-0124fcf36504
1a6db967-131f-5b26-b50d-94de08129be901184ae7-8ed2-5e2d-acde-f7780d7696e4,Nike Air Max SC SE,Women's Shoes,lifestyle,2326a9c5-e7ae-41c6-9799-0124fcf36504
1a6db967-131f-5b26-b50d-94de08129be9fd10bef6-4f25-54d3-98e8-c9691f9d74d1,Nike Air Max SC SE,Women's Shoes,lifestyle,2326a9c5-e7ae-41c6-9799-0124fcf36504
08733c30-bff9-5fa3-9790-1f3422244ffd08733c30-bff9-5fa3-9790-1f3422244ffd,Nike Air Max 270,Women's Shoes,lifestyle,ec7708ca-075d-4bb8-ab8b-94869d801a30
08733c30-bff9-5fa3-9790-1f3422244ffd091bbffc-606f-5f49-ba14-4f5254fb80af,Nike Air Max 270,Women's Shoes,lifestyle,ec7708ca-075d-4bb8-ab8b-94869d801a30
08733c30-bff9-5fa3-9790-1f3422244ffdbc7a4261-a668-534b-9877-e72634645e27,Nike Air Max 270,Women's Shoes,lifestyle,ec7708ca-075d-4bb8-ab8b-94869d801a30
08733c30-bff9-5fa3-9790-1f3422244ffd6601cd91-1f4c-5a18-b9c0-a2ad5919ee4f,Nike Air Max 270,Women's Shoes,lifestyle,ec7708ca-075d-4bb8-ab8b-94869d801a30
08733c30-bff9-5fa3-9790-1f3422244ffd7bec6e71-e58c-52e5-a67d-dd4bdc3833ea,Nike Air Max 270,Women's Shoes,lifestyle,ec7708ca-075d-4bb8-ab8b-94869d801a30
08733c30-bff9-5fa3-9790-1f3422244ffd4d57788c-54ad-5c56-859a-7afca206899b,Nike Air Max 270,Women's Shoes,lifestyle,ec7708ca-075d-4bb8-ab8b-94869d801a30
08733c30-bff9-5fa3-9790-1f3422244ffd351c3155-9aed-5a44-8fac-bae657e41038,Nike Air Max 270,Women's Shoes,lifestyle,ec7708ca-075d-4bb8-ab8b-94869d801a30
08733c30-bff9-5fa3-9790-1f3422244ffd4107995e-1a46-556b-acd8-c599794278cf,Nike Air Max 270,Women's Shoes,lifestyle,ec7708ca-075d-4bb8-ab8b-94869d801a30
08733c30-bff9-5fa3-9790-1f3422244ffdc3792973-c279-5949-8fc2-63865d3c4cf7,Nike Air Max 270,Women's Shoes,lifestyle,ec7708ca-075d-4bb8-ab8b-94869d801a30
08733c30-bff9-5fa3-9790-1f3422244ffd7c15d297-4fa5-53c0-a53f-43d6626dff3f,Nike Air Max 270,Women's Shoes,lifestyle,ec7708ca-075d-4bb8-ab8b-94869d801a30
08733c30-bff9-5fa3-9790-1f3422244ffd84fbd3b1-e1ef-599d-85d9-bf2a8cec8123,Nike Air Max 270,Women's Shoes,lifestyle,ec7708ca-075d-4bb8-ab8b-94869d801a30
354f479e-4603-5b4d-a5dd-7494abd5b0ee354f479e-4603-5b4d-a5dd-7494abd5b0ee,Nike Dunk Low Twist,Women's Shoes,lifestyle,0124feb3-efba-45de-b6aa-c6f579ed180f
ac581006-ce50-5ed5-b68d-06334d8870fdac581006-ce50-5ed5-b68d-06334d8870fd,Nike Court Legacy Next Nature,Women's Shoes,lifestyle,1134ff41-5a8c-4c06-bd4a-a28142867488
ac581006-ce50-5ed5-b68d-06334d8870fdffbde28f-7b15-5c8c-9118-2ef1f5442e6c,Nike Court Legacy Next Nature,Women's Shoes,lifestyle,1134ff41-5a8c-4c06-bd4a-a28142867488
ac581006-ce50-5ed5-b68d-06334d8870fd28984265-4c4c-5119-8509-4092518ae8a7,Nike Court Legacy Next Nature,Women's Shoes,lifestyle,1134ff41-5a8c-4c06-bd4a-a28142867488
ac581006-ce50-5ed5-b68d-06334d8870fd557416a8-e4d7-5102-8d03-dc95aabf12f0,Nike Court Legacy Next Nature,Women's Shoes,lifestyle,1134ff41-5a8c-4c06-bd4a-a28142867488
ac581006-ce50-5ed5-b68d-06334d8870fd6c189910-baee-5d47-9560-e83629524ce5,Nike Court Legacy Next Nature,Women's Shoes,lifestyle,1134ff41-5a8c-4c06-bd4a-a28142867488
ac581006-ce50-5ed5-b68d-06334d8870fd590c857c-25d1-50fd-a6df-c37caeb56f14,Nike Court Legacy Next Nature,Women's Shoes,lifestyle,1134ff41-5a8c-4c06-bd4a-a28142867488
70ab330f-91f3-5637-a605-1f003ee303dc70ab330f-91f3-5637-a605-1f003ee303dc,Air Jordan 1 Low,Men's Shoes,lifestyle,45779f4e-9615-4b33-ac3e-0f56c7368e13
70ab330f-91f3-5637-a605-1f003ee303dc8007c1dd-8d69-5634-a374-4c63adb005cb,Air Jordan 1 Low,Men's Shoes,lifestyle,45779f4e-9615-4b33-ac3e-0f56c7368e13
70ab330f-91f3-5637-a605-1f003ee303dc2c8f18a5-cc22-56ec-b8d5-cd3fd93a6ff8,Air Jordan 1 Low,Men's Shoes,lifestyle,45779f4e-9615-4b33-ac3e-0f56c7368e13
717505fa-be76-5547-8412-e581a371f0e4717505fa-be76-5547-8412-e581a371f0e4,Nike Dunk Low,Men's Shoes,lifestyle,56c7d3cf-3dfd-45bf-be46-d6a3d886c39a
84cdedcd-2de2-57a5-96ad-620bb5211e2384cdedcd-2de2-57a5-96ad-620bb5211e23,Air Jordan 1 Mid SE Craft,Men's Shoes,lifestyle,763fd173-5cbd-424d-8681-68ab4ca7d8e3
84cdedcd-2de2-57a5-96ad-620bb5211e23ef940525-2825-586a-8685-3f7ab4a07745,Air Jordan 1 Mid SE Craft,Men's Shoes,lifestyle,763fd173-5cbd-424d-8681-68ab4ca7d8e3
84cdedcd-2de2-57a5-96ad-620bb5211e236cd333f6-a2b2-59fe-867d-40826b67b735,Air Jordan 1 Mid SE Craft,Men's Shoes,lifestyle,763fd173-5cbd-424d-8681-68ab4ca7d8e3
07b0b796-c3e2-5fb4-9fca-860bbaa6233b07b0b796-c3e2-5fb4-9fca-860bbaa6233b,Air Jordan 1 Low,Women's Shoes,lifestyle,58f910ee-2386-4a84-b0a9-46f1a202a408
07b0b796-c3e2-5fb4-9fca-860bbaa6233b721d2f35-2feb-5283-b5e0-1dd741b710fd,Air Jordan 1 Low,Women's Shoes,lifestyle,58f910ee-2386-4a84-b0a9-46f1a202a408
07b0b796-c3e2-5fb4-9fca-860bbaa6233ba36cf904-a2f6-58a2-b727-b32fbb092adb,Air Jordan 1 Low,Women's Shoes,lifestyle,58f910ee-2386-4a84-b0a9-46f1a202a408
07b0b796-c3e2-5fb4-9fca-860bbaa6233be5c67bc8-7b38-5e4c-b6a6-b7bcc3814c45,Air Jordan 1 Low,Women's Shoes,lifestyle,58f910ee-2386-4a84-b0a9-46f1a202a408
07b0b796-c3e2-5fb4-9fca-860bbaa6233bb46c4ee6-fd6f-5e89-95a1-dbdf654291e7,Air Jordan 1 Low,Women's Shoes,lifestyle,58f910ee-2386-4a84-b0a9-46f1a202a408
07b0b796-c3e2-5fb4-9fca-860bbaa6233b5a9f5c96-7f53-5d7f-bc4e-1b85eacc04ad,Air Jordan 1 Low,Women's Shoes,lifestyle,58f910ee-2386-4a84-b0a9-46f1a202a408
07b0b796-c3e2-5fb4-9fca-860bbaa6233bd1c63eee-86df-5027-9359-05376d07b331,Air Jordan 1 Low,Women's Shoes,lifestyle,58f910ee-2386-4a84-b0a9-46f1a202a408
19321ed0-74b8-553c-b8eb-f13a4f451c8d19321ed0-74b8-553c-b8eb-f13a4f451c8d,Nike Dunk Low Retro Premium,Men's Shoes,lifestyle,8f3717d9-1e47-4f16-87ac-f71c1ec3d785
368a2a99-bdd2-5661-9f66-b0a365d101c4368a2a99-bdd2-5661-9f66-b0a365d101c4,Air Jordan 2 Retro,Men's Shoes,lifestyle,2639af6f-f5fe-42cc-83bb-78ca32ca76cf
368a2a99-bdd2-5661-9f66-b0a365d101c4dc692a36-820b-5e58-b66d-2db087d7feaf,Air Jordan 2 Retro,Men's Shoes,lifestyle,2639af6f-f5fe-42cc-83bb-78ca32ca76cf
